{"type": "block", "layer": 102, "block": 0, "features": [{"geom": {"lines": [[-17805.306678898283, -4435.546894057246, 1741.7491425, -17510.47088554426, -4490.971211438242, 1746.9615251, -17215.635092189303, -4546.395528819237, 1752.5089613, -16920.799298835278, -4601.819846199243, 1761.07632954, -16625.963505481253, -4657.244163580239, 1768.05722554, -16331.127712126297, -4712.668480961234, 1778.28314108, -16036.291918772273, -4768.09279834124, 1789.8363444000001, -15741.456125418306, -4823.517115722236, 1800.29786682, -15446.620332063292, -4878.941433103231, 1813.212673, -15151.784538709268, -4934.365750483237, 1827.7593063, -14856.948745355301, -4989.790067864233, 1843.3947303599998, -14562.112952000287, -5045.214385245228, 1857.3355180199999, -14267.277158646262, -5100.638702625234, 1861.5893325799998, -13972.441365292296, -5156.06302000623, 1857.83077494, -13677.605571937282, -5211.487337387225, 1838.3895263599998, -13382.769778583257, -5266.911654767231, 1799.91322252, -13087.93398522929, -5322.335972148227, 1739.6645635, -12793.098191874276, -5377.760289529222, 1655.70135594, -12498.163095770287, -5432.604301784246, 1578.3371582, -12201.674232506251, -5478.36841392325, 1476.84378156, -11905.185369241284, -5524.132526063244, 1388.2087809199998, -11608.696505976259, -5569.896638203238, 1355.4966606599999, -11312.207642711292, -5615.6607503432315, 1366.1241304999999, -11015.718779446266, -5661.424862483225, 1386.0725946, -10719.229916182288, -5707.188974623219, 1401.82507832, -10422.741052917263, -5752.953086762223, 1409.3842392, -10126.252189652296, -5798.717198902217, 1409.77226258, -9829.76332638727, -5844.481311042211, 1405.13044994, -9533.274463122303, -5890.245423182263, 1397.46376038, -9236.785599858267, -5936.009535322257, 1388.6721976800002, -8940.2967365933, -5981.773647461261, 1379.48246002, -8643.807873328275, -6027.537759601255, 1370.20142102, -8347.319010063307, -6073.301871741249, 1360.9228261399999, -8050.830146798282, -6119.065983881243, 1351.83875528, -7754.341283534304, -6164.830096021236, 1343.7215347200001, -7457.852420269279, -6210.59420816123, 1336.34348982, -7160.886988426268, -6253.118076296232, 1329.44003746, -6863.777029213263, -6294.6592863992555, 1322.95766022, -6566.667070001306, -6336.200496502221, 1317.04403736, -6269.557110788301, -6377.741706604254, 1311.84544192, -5972.447151576285, -6419.28291670722, 1307.28834508, -5675.33719236328, -6460.824126810243, 1302.74813292, -5378.227233151265, -6502.3653369122185, 1298.35491994, -5080.872631303268, -6541.995737721212, 1294.69305166, -4782.880417212262, -6576.645995173254, 1291.56610108, -4484.888203122304, -6611.296252626227, 1289.2855657, -4186.895989032288, -6645.946510078211, 1287.9274587200002, -3888.903774941282, -6680.596767530253, 1287.39188386, -3590.9115608512657, -6715.247024983226, 1345.97949982, -3292.0936643892783, -6737.538943249267, 1764.4539617, -2992.140476339264, -6742.838469540235, 1793.02143096, -2692.1872882892494, -6748.137995831261, 1794.01603698, -2392.2341002402827, -6753.437522121239, 1793.4593455000002, -2092.2809121902683, -6758.737048412266, 807.38181304, -1792.3277241413016, -6764.036574703234, 0.0, -1492.5778321682592, -6766.936291949241, 0.0, -1197.7906016702764, -6711.254259521258, 539.35845692, -903.0033711722936, -6655.572227094264, 1405.04184468, -608.2161406742525, -6599.890194667212, 1403.1643001399998, -313.4289101762697, -6544.208162239229, 1400.1672776999999, -18.64167967828689, -6488.526129812235, 1397.54197948, 276.14555082074367, -6432.844097384252, 1399.2030131000001, 570.9327813187265, -6377.162064957258, 1408.04787954, 865.7200118167093, -6321.480032530264, 1409.39266268, 1160.5072423147503, -6265.798000102222, 1383.76193492, 1455.2944728127331, -6210.115967675229, 1393.96023814, 1750.081703310716, -6154.433935247245, 1399.1635691400002, 2044.8689338086988, -6098.751902820251, 1387.0281245, 2339.65616430674, -6043.06987039221, 1370.0452610799998, 2634.443394805712, -5987.387837965216, 1365.7464836400002, 2929.230625303695, -5931.705805538222, 1415.29131062, 3224.017855801736, -5876.023773110239, 1505.1357586200002, 3510.709910906735, -5792.265812542231, 1540.6922835, 3789.8900905176997, -5682.4549418952665, 1574.7667381400001, 4069.0702701297123, -5572.644071248244, 1608.71423754, 4348.250449740735, -5462.833200601221, 1640.3685913000002, 4627.4306293517, -5353.022329953266, 1648.5882218200002, 4906.610808962723, -5243.211459306243, 1630.3499073, 5185.790988573746, -5133.40058865922, 1592.45374408, 5461.541416726715, -5016.103653969243, 1551.61385074, 5727.016883440723, -4876.379724120256, 1514.50985768, 5992.4923501557205, -4736.65579427022, 1486.42254008, 6257.967816870718, -4596.931864420243, 1472.623323, 6523.443283584726, -4457.207934570266, 1468.2582016000001, 6788.918750299723, -4317.48400472122, 1467.5884780800002, 7054.394217013731, -4177.760074871243, 1467.98003116, 7319.869683728728, -4038.036145021266, 1468.43328604, 7585.345150443725, -3898.3122151712305, 1468.58549056, 7850.820617157733, -3758.5882853212534, 1471.62567138, 8116.29608387273, -3618.8643554722657, 1478.2367361799998, 8381.771550586738, -3479.1404256222304, 1485.6686198, 8647.247017301735, -3339.4164957722533, 1495.35471852, 8912.722484016733, -3199.692565922218, 1504.2218983999999, 9178.19795073074, -3059.9686360732303, 1513.859165, 9443.673417445738, -2920.244706223253, 1523.4979659800001, 9709.148884159746, -2780.520776373218, 1534.7857271399998, 9974.624350874743, -2640.7968465232407, 1548.2348480199998, 10240.09981758974, -2501.072916674253, 1560.79048032, 10505.575284303748, -2361.3489868242177, 1570.47330954, 10771.050751018745, -2221.6250569742406, 1575.36383206, 11036.526217732695, -2081.9011271242634, 1576.94339094, 11302.00168444775, -1942.1771972752176, 1576.34186268, 11567.477151162748, -1802.4532674252405, 1571.8539335]]}, "mtl": {"idx": 0}}], "featureCount": 1, "startIndex": 0}