{"type": "block", "layer": 103, "block": 0, "features": [{"geom": {"triangles": {"v": [-17805.29218828428, -4435.541078737238, 1708.6062622070312, -17805.29218828428, -4435.541078737238, 1771.1997985839844, -17510.47968828428, -4490.978578737238, 1716.6671752929688, -17510.47968828428, -4490.978578737238, 1776.2765502929688, -17215.63593828428, -4546.384828737238, 1723.0506896972656, -17215.63593828428, -4546.384828737238, 1781.1215209960938, -16920.79218828428, -4601.822328737238, 1730.2099609375, -16920.79218828428, -4601.822328737238, 1791.094970703125, -16625.94843828428, -4657.228578737238, 1738.8092041015625, -16625.94843828428, -4657.228578737238, 1796.3189697265625, -16331.135938284278, -4712.666078737238, 1749.5339965820312, -16331.135938284278, -4712.666078737238, 1804.3502807617188, -16036.292188284278, -4768.103578737238, 1761.8899536132812, -16036.292188284278, -4768.103578737238, 1814.3098449707031, -15741.448438284278, -4823.509828737238, 1773.9480590820312, -15741.448438284278, -4823.509828737238, 1824.2280578613281, -15446.635938284278, -4878.947328737238, 1785.4936218261719, -15446.635938284278, -4878.947328737238, 1837.6564025878906, -15151.792188284278, -4934.353578737238, 1797.8536987304688, -15151.792188284278, -4934.353578737238, 1854.2733764648438, -14856.948438284278, -4989.791078737238, 1811.8563842773438, -14856.948438284278, -4989.791078737238, 1871.2669372558594, -14562.104688284278, -5045.228578737238, 1830.5638122558594, -14562.104688284278, -5045.228578737238, 1883.7591552734375, -14267.292188284278, -5100.634828737238, 1826.463623046875, -14267.292188284278, -5100.634828737238, 1890.0556945800781, -13972.448438284278, -5156.072328737238, 1893.5693359375, -13972.448438284278, -5156.072328737238, 1814.014892578125, -13677.604688284278, -5211.478578737238, 1886.7488098144531, -13677.604688284278, -5211.478578737238, 1782.6908874511719, -13382.760938284278, -5266.916078737238, 1862.5642395019531, -13382.760938284278, -5266.916078737238, 1731.8354797363281, -13087.948438284278, -5322.322328737238, 1813.3242797851562, -13087.948438284278, -5322.322328737238, 1660.9696960449219, -12793.104688284278, -5377.759828737238, 1741.9757080078125, -12793.104688284278, -5377.759828737238, 1479.4721984863281, -12498.167188284278, -5432.603578737238, 1670.4241943359375, -12498.167188284278, -5432.603578737238, 1494.1856384277344, -12201.667188284278, -5478.353578737238, 1559.7889709472656, -12201.667188284278, -5478.353578737238, 1412.5656127929688, -11905.198438284278, -5524.134828737238, 1454.7129821777344, -11905.198438284278, -5524.134828737238, 1359.9287414550781, -11608.698438284278, -5569.884828737238, 1373.4901428222656, -11608.698438284278, -5569.884828737238, 1348.7753295898438, -11312.198438284278, -5615.666078737238, 1352.935791015625, -11312.198438284278, -5615.666078737238, 1388.4889221191406, -11015.729688284278, -5661.416078737238, 1370.089111328125, -11015.729688284278, -5661.416078737238, 1407.0703125, -10719.229688284278, -5707.197328737238, 1387.2158813476562, -10719.229688284278, -5707.197328737238, 1417.6467895507812, -10422.729688284278, -5752.947328737238, 1399.0744018554688, -10422.729688284278, -5752.947328737238, 1419.7441101074219, -10126.260938284278, -5798.728578737238, 1402.5942993164062, -10126.260938284278, -5798.728578737238, 1419.1033935546875, -9829.760938284278, -5844.478578737238, 1414.130859375, -9829.760938284278, -5844.478578737238, 1398.3050537109375, -9533.260938284278, -5890.259828737238, 1405.4737854003906, -9533.260938284278, -5890.259828737238, 1390.7737731933594, -9236.792188284278, -5936.009828737238, 1395.3817749023438, -9236.792188284278, -5936.009828737238, 1383.0036926269531, -8940.292188284278, -5981.759828737238, 1384.9539184570312, -8940.292188284278, -5981.759828737238, 1374.5101928710938, -8643.792188284278, -6027.541078737238, 1374.686279296875, -8643.792188284278, -6027.541078737238, 1365.4205322265625, -8347.323438284278, -6073.291078737238, 1365.3132629394531, -8347.323438284278, -6073.291078737238, 1356.0791015625, -8050.823438284278, -6119.072328737238, 1355.9785461425781, -8050.823438284278, -6119.072328737238, 1346.9810485839844, -7754.354688284278, -6164.822328737238, 1348.7635803222656, -7754.354688284278, -6164.822328737238, 1339.0969848632812, -7457.854688284278, -6210.603578737238, 1340.9097290039062, -7457.854688284278, -6210.603578737238, 1331.8327331542969, -7160.885938284278, -6253.103578737238, 1333.5832214355469, -7160.885938284278, -6253.103578737238, 1325.1173400878906, -6863.792188284278, -6294.666078737238, 1326.7913818359375, -6863.792188284278, -6294.666078737238, 1319.7334289550781, -6566.667188284278, -6336.197328737238, 1320.6552124023438, -6566.667188284278, -6336.197328737238, 1313.7513732910156, -6269.542188284278, -6377.728578737238, 1315.1194763183594, -6269.542188284278, -6377.728578737238, 1308.8783264160156, -5972.448438284278, -6419.291078737238, 1310.2337646484375, -5972.448438284278, -6419.291078737238, 1304.569091796875, -5675.323438284278, -6460.822328737238, 1305.5484008789062, -5675.323438284278, -6460.822328737238, 1300.2174377441406, -5378.229688284278, -6502.353578737238, 1300.9477233886719, -5378.229688284278, -6502.353578737238, 1292.7813720703125, -5080.885938284278, -6542.009828737238, 1297.0704650878906, -5080.885938284278, -6542.009828737238, 1292.2982788085938, -4782.885938284278, -6576.634828737238, 1293.758544921875, -4782.885938284278, -6576.634828737238, 1289.6662902832031, -4484.885938284278, -6611.291078737238, 1290.6765747070312, -4484.885938284278, -6611.291078737238, 1288.4841918945312, -4186.885938284278, -6645.947328737238, 1288.5472106933594, -4186.885938284278, -6645.947328737238, 1286.4718627929688, -3888.9171882842784, -6680.603578737238, 1288.9830017089844, -3888.9171882842784, -6680.603578737238, 1285.9144592285156, -3590.9171882842784, -6715.259828737238, 1286.158447265625, -3590.9171882842784, -6715.259828737238, 1788.2571411132812, -3292.1046882842784, -6737.541078737238, 1287.5741577148438, -3292.1046882842784, -6737.541078737238, 1792.3683166503906, -2992.1359382842784, -6742.853578737238, 1790.4006958007812, -2992.1359382842784, -6742.853578737238, 1795.8189392089844, -2692.1984382842784, -6748.134828737238, 1791.5419006347656, -2692.1984382842784, -6748.134828737238, 1796.3450622558594, -2392.2296882842784, -6753.447328737238, 1796.3160705566406, -2392.2296882842784, -6753.447328737238, 1790.2386474609375, -2092.2921882842784, -6758.728578737238, 1796.0063171386719, -2092.2921882842784, -6758.728578737238, -3.984439445048338e-09, -1792.3234382842784, -6764.041078737238, -3.984439445048338e-09, -1792.3234382842784, -6764.041078737238, -1.999969482421875, -1492.5734382842784, -6766.947328737238, -3.984439445048338e-09, -1492.5734382842784, -6766.947328737238, -1.999969482421875, -1197.7921882842784, -6711.259828737238, -3.984439445048338e-09, -1197.7921882842784, -6711.259828737238, 1411.1555480957031, -903.0109382842784, -6655.572328737238, 1399.580078125, -903.0109382842784, -6655.572328737238, 1410.0567626953125, -608.2296882842784, -6599.884828737238, 1408.4547424316406, -608.2296882842784, -6599.884828737238, 1395.4927062988281, -313.4171882842784, -6544.197328737238, 1406.9621276855469, -313.4171882842784, -6544.197328737238, 1389.9772644042969, -18.63593828427838, -6488.541078737238, 1404.6452331542969, -18.63593828427838, -6488.541078737238, 1389.9923706054688, 276.1453117157216, -6432.853578737238, 1394.4337463378906, 276.1453117157216, -6432.853578737238, 1412.1823120117188, 570.9265617157216, -6377.166078737238, 1520.4800415039062, 570.9265617157216, -6377.166078737238, 1284.5103454589844, 865.7078117157216, -6321.478578737238, 1306.458740234375, 865.7078117157216, -6321.478578737238, 1504.0388488769531, 1160.5203117157216, -6265.791078737238, 1471.9090270996094, 1160.5203117157216, -6265.791078737238, 1300.3433227539062, 1455.3015617157216, -6210.103578737238, 1434.063720703125, 