{"type": "block", "layer": 101, "block": 0, "features": [{"geom": {"lines": [[-17439.816498080327, -360.7201972785988, 1741.7491425, -17144.980704726302, -416.1445146595943, 1746.9615251, -16850.144911371346, -471.56883204058977, 1752.5089613, -16555.30911801732, -526.9931494205957, 1761.07632954, -16260.473324663297, -582.4174668015912, 1768.05722554, -15965.63753130834, -637.8417841825867, 1778.28314108, -15670.801737954316, -693.2661015625927, 1789.8363444000001, -15375.96594460035, -748.6904189435882, 1800.29786682, -15081.130151245336, -804.1147363245836, 1813.212673, -14786.294357891311, -859.5390537045896, 1827.7593063, -14491.458564537345, -914.9633710855851, 1843.3947303599998, -14196.62277118233, -970.3876884665806, 1857.3355180199999, -13901.786977828306, -1025.8120058465865, 1861.5893325799998, -13606.95118447434, -1081.236323227582, 1857.83077494, -13312.115391119325, -1136.6606406085775, 1838.3895263599998, -13017.2795977653, -1192.0849579885835, 1799.91322252, -12722.443804411334, -1247.509275369579, 1739.6645635, -12427.60801105632, -1302.9335927505745, 1655.70135594, -12132.67291495233, -1357.7776050055982, 1578.3371582, -11836.184051688295, -1403.5417171446024, 1476.84378156, -11539.695188423328, -1449.3058292845963, 1388.2087809199998, -11243.206325158302, -1495.06994142459, 1355.4966606599999, -10946.717461893335, -1540.8340535645839, 1366.1241304999999, -10650.22859862831, -1586.5981657045777, 1386.0725946, -10353.739735364332, -1632.3622778445715, 1401.82507832, -10057.250872099306, -1678.1263899835758, 1409.3842392, -9760.76200883434, -1723.8905021235696, 1409.77226258, -9464.273145569314, -1769.6546142635634, 1405.13044994, -9167.784282304347, -1815.4187264036154, 1397.46376038, -8871.29541904031, -1861.1828385436093, 1388.6721976800002, -8574.806555775343, -1906.9469506826135, 1379.48246002, -8278.317692510318, -1952.7110628226073, 1370.20142102, -7981.828829245351, -1998.4751749626012, 1360.9228261399999, -7685.339965980325, -2044.239287102595, 1351.83875528, -7388.851102716348, -2090.003399242589, 1343.7215347200001, -7092.362239451322, -2135.7675113825826, 1336.34348982, -6795.396807608311, -2178.2913795175846, 1329.44003746, -6498.286848395306, -2219.832589620608, 1322.95766022, -6201.176889183349, -2261.373799723573, 1317.04403736, -5904.066929970344, -2302.915009825607, 1311.84544192, -5606.956970758329, -2344.456219928572, 1307.28834508, -5309.847011545324, -2385.9974300315953, 1302.74813292, -5012.737052333308, -2427.538640133571, 1298.35491994, -4715.382450485311, -2467.1690409425646, 1294.69305166, -4417.390236394305, -2501.8192983946064, 1291.56610108, -4119.398022304347, -2536.4695558475796, 1289.2855657, -3821.405808214331, -2571.1198132995632, 1287.9274587200002, -3523.4135941233253, -2605.770070751605, 1287.39188386, -3225.421380033309, -2640.4203282045783, 1345.97949982, -2926.6034835713217, -2662.712246470619, 1764.4539617, -2626.6502955213073, -2668.011772761587, 1793.02143096, -2326.697107471293, -2673.3112990526133, 1794.01603698, -2026.7439194223261, -2678.610825342592, 1793.4593455000002, -1726.7907313723117, -2683.910351633618, 807.38181304, -1426.837543323345, -2689.209877924586, 0.0, -1127.0876513503026, -2692.109595170594, 0.0, -832.3004208523198, -2636.4275627426105, 539.35845692, -537.513190354337, -2580.7455303156166, 1405.04184468, -242.72595985629596, -2525.0634978885646, 1403.1643001399998, 52.06127064168686, -2469.3814654605812, 1400.1672776999999, 346.8485011396697, -2413.6994330335874, 1397.54197948, 641.6357316387002, -2358.017400605604, 1399.2030131000001, 936.422962136683, -2302.33536817861, 1408.04787954, 1231.2101926346659, -2246.6533357516164, 1409.39266268, 1525.997423132707, -2190.971303323575, 1383.76193492, 1820.7846536306897, -2135.289270896581, 1393.96023814, 2115.5718841286725, -2079.6072384685976, 1399.1635691400002, 2410.3591146266554, -2023.9252060416038, 1387.0281245, 2705.1463451246964, -1968.2431736135622, 1370.0452610799998, 2999.9335756236687, -1912.5611411865684, 1365.7464836400002, 3294.7208061216515, -1856.8791087595746, 1415.29131062, 3589.5080366196926, -1801.1970763315912, 1505.1357586200002, 3876.2000917246914, -1717.4391157635837, 1540.6922835, 4155.380271335656, -1607.628245116619, 1574.7667381400001, 4434.560450947669, -1497.817374469596, 1608.71423754, 4713.740630558692, -1388.006503822573, 1640.3685913000002, 4992.920810169657, -1278.1956331746187, 1648.5882218200002, 5272.10098978068, -1168.3847625275957, 1630.3499073, 5551.281169391703, -1058.5738918805728, 1592.45374408, 5827.031597544672, -941.2769571905956, 1551.61385074, 6092.50706425868, -801.553027341608, 1514.50985768, 6357.982530973677, -661.8290974915726, 1486.42254008, 6623.457997688674, -522.1051676415955, 1472.623323, 6888.933464402682, -382.38123779161833, 1468.2582016000001, 7154.4089311176795, -242.65730794257252, 1467.5884780800002, 7419.884397831687, -102.93337809259538, 1467.98003116, 7685.359864546685, 36.79055175738176, 1468.43328604, 7950.835331261682, 176.5144816074171, 1468.58549056, 8216.31079797569, 316.23841145739425, 1471.62567138, 8481.786264690687, 455.96234130638186, 1478.2367361799998, 8747.261731404695, 595.6862711564172, 1485.6686198, 9012.737198119692, 735.4102010063943, 1495.35471852, 9278.21266483469, 875.1341308564297, 1504.2218983999999, 9543.688131548697, 1014.8580607054173, 1513.859165, 9809.163598263694, 1154.5819905553944, 1523.4979659800001, 10074.639064977702, 1294.3059204054298, 1534.7857271399998, 10340.1145316927, 1434.029850255407, 1548.2348480199998, 10605.589998407697, 1573.7537801043945, 1560.79048032, 10871.065465121705, 1713.4777099544299, 1570.47330954, 11136.540931836702, 1853.201639804407, 1575.36383206, 11402.016398550652, 1992.9255696543842, 1576.94339094, 11667.491865265707, 2132.64949950343, 1576.34186268, 11932.967331980704, 2272.373429353407, 1571.8539335]]}, "mtl": {"idx": 0}}], "featureCount": 1, "startIndex": 0}