{"type": "block", "layer": 102, "block": 0, "features": [{"geom": {"triangles": {"v": [-17439.80200746632, -360.7143819585908, 1708.6062622070312, -17439.80200746632, -360.7143819585908, 1771.1997985839844, -17144.98950746632, -416.1518819585908, 1716.6671752929688, -17144.98950746632, -416.1518819585908, 1776.2765502929688, -16850.14575746632, -471.5581319585908, 1723.0506896972656, -16850.14575746632, -471.5581319585908, 1781.1215209960938, -16555.30200746632, -526.9956319585908, 1730.2099609375, -16555.30200746632, -526.9956319585908, 1791.094970703125, -16260.458257466322, -582.4018819585908, 1738.8092041015625, -16260.458257466322, -582.4018819585908, 1796.3189697265625, -15965.645757466322, -637.8393819585908, 1749.5339965820312, -15965.645757466322, -637.8393819585908, 1804.3502807617188, -15670.802007466322, -693.2768819585908, 1761.8899536132812, -15670.802007466322, -693.2768819585908, 1814.3098449707031, -15375.958257466322, -748.6831319585908, 1773.9480590820312, -15375.958257466322, -748.6831319585908, 1824.2280578613281, -15081.145757466322, -804.1206319585908, 1785.4936218261719, -15081.145757466322, -804.1206319585908, 1837.6564025878906, -14786.302007466322, -859.5268819585908, 1797.8536987304688, -14786.302007466322, -859.5268819585908, 1854.2733764648438, -14491.458257466322, -914.9643819585908, 1811.8563842773438, -14491.458257466322, -914.9643819585908, 1871.2669372558594, -14196.614507466322, -970.4018819585908, 1830.5638122558594, -14196.614507466322, -970.4018819585908, 1883.7591552734375, -13901.802007466322, -1025.8081319585908, 1826.463623046875, -13901.802007466322, -1025.8081319585908, 1890.0556945800781, -13606.958257466322, -1081.2456319585908, 1893.5693359375, -13606.958257466322, -1081.2456319585908, 1814.014892578125, -13312.114507466322, -1136.6518819585908, 1886.7488098144531, -13312.114507466322, -1136.6518819585908, 1782.6908874511719, -13017.270757466322, -1192.0893819585908, 1862.5642395019531, -13017.270757466322, -1192.0893819585908, 1731.8354797363281, -12722.458257466322, -1247.4956319585908, 1813.3242797851562, -12722.458257466322, -1247.4956319585908, 1660.9696960449219, -12427.614507466322, -1302.9331319585908, 1741.9757080078125, -12427.614507466322, -1302.9331319585908, 1479.4721984863281, -12132.677007466322, -1357.7768819585908, 1670.4241943359375, -12132.677007466322, -1357.7768819585908, 1494.1856384277344, -11836.177007466322, -1403.5268819585908, 1559.7889709472656, -11836.177007466322, -1403.5268819585908, 1412.5656127929688, -11539.708257466322, -1449.3081319585908, 1454.7129821777344, -11539.708257466322, -1449.3081319585908, 1359.9287414550781, -11243.208257466322, -1495.0581319585908, 1373.4901428222656, -11243.208257466322, -1495.0581319585908, 1348.7753295898438, -10946.708257466322, -1540.8393819585908, 1352.935791015625, -10946.708257466322, -1540.8393819585908, 1388.4889221191406, -10650.239507466322, -1586.5893819585908, 1370.089111328125, -10650.239507466322, -1586.5893819585908, 1407.0703125, -10353.739507466322, -1632.3706319585908, 1387.2158813476562, -10353.739507466322, -1632.3706319585908, 1417.6467895507812, -10057.239507466322, -1678.1206319585908, 1399.0744018554688, -10057.239507466322, -1678.1206319585908, 1419.7441101074219, -9760.770757466322, -1723.9018819585908, 1402.5942993164062, -9760.770757466322, -1723.9018819585908, 1419.1033935546875, -9464.270757466322, -1769.6518819585908, 1414.130859375, -9464.270757466322, -1769.6518819585908, 1398.3050537109375, -9167.770757466322, -1815.4331319585908, 1405.4737854003906, -9167.770757466322, -1815.4331319585908, 1390.7737731933594, -8871.302007466322, -1861.1831319585908, 1395.3817749023438, -8871.302007466322, -1861.1831319585908, 1383.0036926269531, -8574.802007466322, -1906.9331319585908, 1384.9539184570312, -8574.802007466322, -1906.9331319585908, 1374.5101928710938, -8278.302007466322, -1952.7143819585908, 1374.686279296875, -8278.302007466322, -1952.7143819585908, 1365.4205322265625, -7981.833257466322, -1998.4643819585908, 1365.3132629394531, -7981.833257466322, -1998.4643819585908, 1356.0791015625, -7685.333257466322, -2044.2456319585908, 1355.9785461425781, -7685.333257466322, -2044.2456319585908, 1346.9810485839844, -7388.864507466322, -2089.995631958591, 1348.7635803222656, -7388.864507466322, -2089.995631958591, 1339.0969848632812, -7092.364507466322, -2135.776881958591, 1340.9097290039062, -7092.364507466322, -2135.776881958591, 1331.8327331542969, -6795.395757466322, -2178.276881958591, 1333.5832214355469, -6795.395757466322, -2178.276881958591, 1325.1173400878906, -6498.302007466322, -2219.839381958591, 1326.7913818359375, -6498.302007466322, -2219.839381958591, 1319.7334289550781, -6201.177007466322, -2261.370631958591, 1320.6552124023438, -6201.177007466322, -2261.370631958591, 1313.7513732910156, -5904.052007466322, -2302.901881958591, 1315.1194763183594, -5904.052007466322, -2302.901881958591, 1308.8783264160156, -5606.958257466322, -2344.464381958591, 1310.2337646484375, -5606.958257466322, -2344.464381958591, 1304.569091796875, -5309.833257466322, -2385.995631958591, 1305.5484008789062, -5309.833257466322, -2385.995631958591, 1300.2174377441406, -5012.739507466322, -2427.526881958591, 1300.9477233886719, -5012.739507466322, -2427.526881958591, 1292.7813720703125, -4715.395757466322, -2467.183131958591, 1297.0704650878906, -4715.395757466322, -2467.183131958591, 1292.2982788085938, -4417.395757466322, -2501.808131958591, 1293.758544921875, -4417.395757466322, -2501.808131958591, 1289.6662902832031, -4119.395757466322, -2536.464381958591, 1290.6765747070312, -4119.395757466322, -2536.464381958591, 1288.4841918945312, -3821.395757466322, -2571.120631958591, 1288.5472106933594, -3821.395757466322, -2571.120631958591, 1286.4718627929688, -3523.427007466322, -2605.776881958591, 1288.9830017089844, -3523.427007466322, -2605.776881958591, 1285.9144592285156, -3225.427007466322, -2640.433131958591, 1286.158447265625, -3225.427007466322, -2640.433131958591, 1788.2571411132812, -2926.614507466322, -2662.714381958591, 1287.5741577148438, -2926.614507466322, -2662.714381958591, 1792.3683166503906, -2626.645757466322, -2668.026881958591, 1790.4006958007812, -2626.645757466322, -2668.026881958591, 1795.8189392089844, -2326.708257466322, -2673.308131958591, 1791.5419006347656, -2326.708257466322, -2673.308131958591, 1796.3450622558594, -2026.7395074663218, -2678.620631958591, 1796.3160705566406, -2026.7395074663218, -2678.620631958591, 1790.2386474609375, -1726.8020074663218, -2683.901881958591, 1796.0063171386719, -1726.8020074663218, -2683.901881958591, -3.984439445048338e-09, -1426.8332574663218, -2689.214381958591, -3.984439445048338e-09, -1426.8332574663218, -2689.214381958591, -1.999969482421875, -1127.0832574663218, -2692.120631958591, -3.984439445048338e-09, -1127.0832574663218, -2692.120631958591, -1.999969482421875, -832.3020074663218, -2636.433131958591, -3.984439445048338e-09, -832.3020074663218, -2636.433131958591, 1411.1555480957031, -537.5207574663218, -2580.745631958591, 1399.580078125, -537.5207574663218, -2580.745631958591, 1410.0567626953125, -242.7395074663218, -2525.058131958591, 1408.4547424316406, -242.7395074663218, -2525.058131958591, 1395.4927062988281, 52.07299253367819, -2469.370631958591, 1406.9621276855469, 52.07299253367819, -2469.370631958591, 1389.9772644042969, 346.8542425336782, -2413.714381958591, 1404.6452331542969, 346.8542425336782, -2413.714381958591, 1389.9923706054688, 641.6354925336782, -2358.026881958591, 1394.4337463378906, 641.6354925336782, -2358.026881958591, 1412.1823120117188, 936.4167425336782, -2302.339381958591, 1520.4800415039062, 936.4167425336782, -2302.339381958591, 1284.5103454589844, 1231.1979925336782, -2246.651881958591, 1306.458740234375, 1231.1979925336782, -2246.651881958591, 1504.0388488769531, 1526.0104925336782, -2190.964381958591, 1471.9090270996094, 1526.0104925336782, -2190.964381958591, 1300.3433227539062, 1820.7917425336782, -2135.276881958591, 