{"type": "block", "layer": 96, "block": 0, "features": [{"geom": {"lines": [[-17805.306678898458, -1157.7896368200309, 2436.1105013942597, -17516.400280606293, -1089.5440309242113, 2477.0343809701053, -17227.49388231407, -1021.2984250285081, 2507.1045766621237, -16938.587484021962, -953.0528191326885, 2513.1523771025445, -16649.68108572968, -884.807213236927, 2505.4618530398548, -16360.774687437515, -816.5616073410492, 2489.990493315817, -16071.868289145234, -748.3160014452878, 2483.6825592366113, -15782.96189085301, -680.0703955494682, 2475.337244360348, -15494.055492560845, -611.8247896536486, 2475.0930741309207, -15205.149094268621, -543.5791837579454, 2514.966479657305, -14916.242695976398, -475.3335778621258, 2539.401028730426, -14627.336297684291, -407.0879719663644, 2539.6386200951747, -14338.42989939201, -338.8423660704866, 2507.4788354465495, -14049.523501099902, -270.5967601747252, 2474.9262764246027, -13760.617102807679, -202.3511542789638, 2474.683156708089, -13499.008946873771, -156.85408368182834, 2444.9676177390597, -13237.400790939864, -111.35701308457647, 2420.0605144935935, -12975.792635006015, -65.8599424873828, 2456.962281878748, -12714.184479072166, -20.36287189013092, 2533.3908707211335, -12452.576323138259, 25.134198707004543, 2599.6961930059415, -12190.96816720441, 70.63126930419821, 2640.3484644528844, -11929.360011270444, 116.12833990139188, 2656.141665557694, -11640.45361297828, 172.99967814789852, 2678.2736009718406, -11351.547214686114, 229.87101639446337, 2718.5188900890244, -11062.640816393832, 286.7423546408536, 2766.004688165474, -10773.734418101667, 343.61369288736023, 2789.234594254688, -10484.828019809502, 400.4850311339251, 2793.8960614069542, -10195.921621517336, 457.3563693803735, 2811.7111525778528, -9907.015223225055, 514.2277076268801, 2826.887778574091, -9614.500503645104, 575.7344879185548, 2825.5858664465104, -9321.985784065095, 637.2412682103459, 2864.087375723718, -9029.471064485202, 698.7480485020787, 2898.5246511157093, -8736.95634490531, 760.2548287938698, 2899.7075143685333, -8444.4416253253, 821.7616090856027, 2862.716659462517, -8151.926905745349, 883.2683893773938, 2853.105861005716, -7859.412186165398, 944.775169668952, 2868.152182151046, -7566.897466585448, 1006.2819499607431, 2842.6444873687333, -7274.382747005497, 1067.7887302525342, 2787.2982188075075, -6981.868027425604, 1129.295510544267, 2821.441294484216, -6689.353307845711, 1190.802290836058, 2873.1004027820227, -6396.838588265644, 1252.309071127791, 2937.649642904714, -6104.323868685751, 1313.8158514195238, 2939.827939500505, -5811.809149105742, 1375.3226317112567, 2928.76669469948, -5533.159479928261, 1459.8879541979404, 2838.8987909535895, -5254.5098107506055, 1544.4532766846824, 2655.8795596739196, -4975.86014157295, 1629.0185991714825, 2644.9840172522704, -4697.210472395411, 1713.5839216582244, 2834.959000634365, -4418.560803217872, 1798.1492441449082, 2949.5733977354294, -4139.911134040216, 1882.71456663165, 2987.8628752661534, -3861.261464862677, 1967.279889118392, 3020.525174125296, -3582.6117956850794, 2051.8452116050757, 3046.4165714034616, -3303.9621265073656, 2136.410534091876, 3033.7682935324283, -3051.0223318265053, 2253.239228496095, 2989.385549045769, -2798.082537145645, 2370.067922900198, 3014.131433914268, -2545.142742464901, 2486.896617304359, 3063.503768331056, -2292.202947783866, 2603.7253117085784, 3083.4860265743273, -2039.2631531029474, 2720.5540061127977, 3052.0693643333125, -1786.3233584221452, 2837.3827005169587, 3020.993260791169, -1533.3835637411685, 2954.211394921178, 3046.384346588118, -1280.4437690603663, 3071.0400893251644, 3053.1820609097012, -1027.5039743793895, 3187.8687837295, 3054.3416377267886, -774.5641796985874, 3304.697478133661, 3042.1321596246944, -521.6243850176688, 3421.5261725378223, 3042.4812782162517, -250.73507667233935, 3530.1828535557142, 3054.499816977833, 20.154231672931928, 3638.8395345737226, 3072.425879499682, 291.0435400182614, 3747.496215591789, 3026.5584604913006, 561.9328483635909, 3856.1528966097394, 3005.5564183987044, 832.8221567090368, 3964.8095776276314, 2968.6505812713312, 1103.7114650543663, 4073.4662586456398, 2924.1008574775747, 1374.6007733998122, 4182.122939663706, 2925.6705705819886, 1648.5716292402358, 4284.991579748166, 2894.8154151311023, 1922.5424850807758, 4387.86021983251, 2857.8219556183794, 2196.513340921374, 4490.72885991697, 2821.7301262379083, 2470.4841967619723, 4593.597500001371, 2790.745072843795, 2744.455052602396, 4696.466140085657, 2795.753682065101, 3018.4259084431105, 4799.334780170058, 2787.5745534922917, 3292.396764283534, 4902.203420254518, 2765.668758964382, 3566.367620124074, 5005.072060338862, 2740.307191993148, 3840.338475964614, 5107.9407004232635, 2722.150574105941, 4114.309331805212, 5210.809340507549, 2730.485671321312, 4388.280187645811, 5313.6779805919505, 2702.5437061928046, 4653.101229731285, 5447.6281588562415, 2678.568377266196, 4917.922271816642, 5581.578337120358, 2698.114477127102, 5182.743313902232, 5715.5285153845325, 2727.1876197952447, 5447.56435598759, 5849.478693648707, 2737.065079723691, 5712.385398073064, 5983.4288719128235, 2689.426945799112, 5977.206440158479, 6117.37905017694, 2664.7646351664534, 6242.0274822440115, 6251.3292284411145, 2650.5678825044524, 6506.848524329369, 6385.279406705231, 2625.6875899425945, 6771.669566414959, 6519.229584969347, 2611.512464116456, 7036.490608500375, 6653.179763233638, 2601.3389711985183, 7301.311650585732, 6787.129941497755, 2578.4089082265355, 7566.132692671148, 6921.080119761929, 2562.962455603594, 7811.358097393066, 7073.926091198111, 2544.122865449895, 8056.583502114867, 7226.772062634234, 2530.1192576986477, 8301.808906836726, 7379.618034070532, 2570.5680742941267, 8547.034311558527, 7532.464005506656, 2566.9095764201857, 8792.259716280329, 7685.309976942895, 2556.9566154036957, 9037.485121002304, 7838.155948379135, 2573.4760333716326, 9282.710525724106, 7991.001919815317, 2555.0912123395915, 9527.935930445907, 8143.847891251557, 2574.2576765421472, 9773.161335167766, 8296.693862687796, 2594.2253592718266, 10018.386739889567, 8449.539834123978, 2587.364883016312, 10263.61214461131, 8602.385805560276, 2519.6413316987255, 10480.745361671026, 8749.971480016364, 2528.5527194059214, 10697.8785787308, 8897.557154472626, 2545.429489734085, 10915.011795790459, 9045.142828928772, 2515.348553844463, 11132.145012850175, 9192.728503385035, 2455.300703559417]]}, "mtl": {"idx": 0}}], "featureCount": 1, "startIndex": 0}