{"type": "block", "layer": 97, "block": 0, "features": [{"geom": {"triangles": {"v": [-17805.29218828428, -1157.7910787372384, 2392.9864501953125, -17805.29218828428, -1157.7910787372384, 2501.857147216797, -17516.38593828428, -1089.5410787372384, 2412.1694946289062, -17516.38593828428, -1089.5410787372384, 2522.1743774414062, -17227.47968828428, -1021.2910787372384, 2444.404754638672, -17227.47968828428, -1021.2910787372384, 2567.2537231445312, -16938.57343828428, -953.0410787372384, 2469.9932861328125, -16938.57343828428, -953.0410787372384, 2573.817138671875, -16649.66718828428, -884.8223287372384, 2575.0839233398438, -16649.66718828428, -884.8223287372384, 2464.3284606933594, -16360.760938284278, -816.5723287372384, 2519.9365234375, -16360.760938284278, -816.5723287372384, 2459.877471923828, -16071.854688284278, -748.3223287372384, 2511.514892578125, -16071.854688284278, -748.3223287372384, 2445.8168029785156, -15782.948438284278, -680.0723287372384, 2507.5576782226562, -15782.948438284278, -680.0723287372384, 2437.6026916503906, -15494.042188284278, -611.8223287372384, 2442.7101135253906, -15494.042188284278, -611.8223287372384, 2515.8413696289062, -15205.135938284278, -543.5723287372384, 2453.009033203125, -15205.135938284278, -543.5723287372384, 2624.3960571289062, -14916.229688284278, -475.3223287372384, 2461.3412475585938, -14916.229688284278, -475.3223287372384, 2625.396728515625, -14627.323438284278, -407.1035787372384, 2595.029296875, -14627.323438284278, -407.1035787372384, 2485.7974243164062, -14338.417188284278, -338.8535787372384, 2561.240234375, -14338.417188284278, -338.8535787372384, 2459.485626220703, -14049.510938284278, -270.6035787372384, 2524.3765258789062, -14049.510938284278, -270.6035787372384, 2420.9339904785156, -13760.604688284278, -202.35357873723842, 2518.241424560547, -13760.604688284278, -202.35357873723842, 2416.0101318359375, -13499.010938284278, -156.85357873723842, 2511.5065002441406, -13499.010938284278, -156.85357873723842, 2366.4895629882812, -13237.385938284278, -111.35357873723842, 2460.4409790039062, -13237.385938284278, -111.35357873723842, 2356.2718200683594, -12975.792188284278, -65.85357873723842, 2395.4141235351562, -12975.792188284278, -65.85357873723842, 2554.443817138672, -12714.198438284278, -20.353578737238422, 2406.0690307617188, -12714.198438284278, -20.353578737238422, 2617.7774047851562, -12452.573438284278, 25.146421262761578, 2487.1629333496094, -12452.573438284278, 25.146421262761578, 2652.1475219726562, -12190.979688284278, 70.64642126276158, 2587.723388671875, -12190.979688284278, 70.64642126276158, 2688.5842895507812, -11929.354688284278, 116.11517126276158, 2591.5594482421875, -11929.354688284278, 116.11517126276158, 2693.48388671875, -11640.448438284278, 172.99017126276158, 2594.3582153320312, -11640.448438284278, 172.99017126276158, 2725.872802734375, -11351.542188284278, 229.86517126276158, 2628.2577514648438, -11351.542188284278, 229.86517126276158, 2778.450927734375, -11062.635938284278, 286.7401712627616, 2685.885009765625, -11062.635938284278, 286.7401712627616, 2828.2949829101562, -10773.729688284278, 343.6151712627616, 2719.8800659179688, -10773.729688284278, 343.6151712627616, 2838.13720703125, -10484.823438284278, 400.4901712627616, 2833.2803344726562, -10484.823438284278, 400.4901712627616, 2720.5682373046875, -10195.917188284278, 457.3651712627616, 2755.4830932617188, -10195.917188284278, 457.3651712627616, 2850.2734375, -9907.010938284278, 514.2401712627616, 2764.388427734375, -9907.010938284278, 514.2401712627616, 2869.4329833984375, -9614.510938284278, 575.7401712627616, 2768.2986450195312, -9614.510938284278, 575.7401712627616, 2878.5382080078125, -9321.979688284278, 637.2401712627616, 2784.5986938476562, -9321.979688284278, 637.2401712627616, 3005.7708740234375, -9029.479688284278, 698.7401712627616, 2807.2531127929688, -9029.479688284278, 698.7401712627616, 3029.7781372070312, -8736.948438284278, 760.2401712627616, 2968.5299682617188, -8736.948438284278, 760.2401712627616, 2836.312255859375, -8444.448438284278, 821.7714212627616, 2909.5428466796875, -8444.448438284278, 821.7714212627616, 2806.5557861328125, -8151.917188284278, 883.2714212627616, 2886.9223022460938, -8151.917188284278, 883.2714212627616, 2805.4705810546875, -7859.417188284278, 944.7714212627616, 2808.7576293945312, -7859.417188284278, 944.7714212627616, 2928.8259887695312, -7566.885938284278, 1006.2714212627616, 2904.5843505859375, -7566.885938284278, 1006.2714212627616, 2758.3868408203125, -7274.385938284278, 1067.8026712627616, 2849.3780517578125, -7274.385938284278, 1067.8026712627616, 2730.7513427734375, -6981.854688284278, 1129.3026712627616, 2739.7079467773438, -6981.854688284278, 1129.3026712627616, 2898.8064575195312, -6689.354688284278, 1190.8026712627616, 2778.1326293945312, -6689.354688284278, 1190.8026712627616, 2958.1991577148438, -6396.823438284278, 1252.3026712627616, 2837.8994750976562, -6396.823438284278, 1252.3026712627616, 3067.6406860351562, -6104.323438284278, 1313.8026712627616, 2980.5172729492188, -6104.323438284278, 1313.8026712627616, 2866.1618041992188, -5811.823438284278, 1375.3339212627616, 2973.5186767578125, -5811.823438284278, 1375.3339212627616, 2783.2638549804688, -5533.167188284278, 1459.8964212627616, 2949.1860961914062, -5533.167188284278, 1459.8964212627616, 2623.7472534179688, -5254.510938284278, 1544.4589212627616, 2838.7664794921875, -5254.510938284278, 1544.4589212627616, 2543.7196350097656, -4975.854688284278, 1629.0214212627616, 2563.5791015625, -4975.854688284278, 1629.0214212627616, 2831.7138671875, -4697.198438284278, 1713.5839212627616, 2624.06982421875, -4697.198438284278, 1713.5839212627616, 3056.5261840820312, -4418.573438284278, 1798.1464212627616, 2790.96923828125, -4418.573438284278, 1798.1464212627616, 3082.254638671875, -4139.917188284278, 1882.7089212627616, 2865.2572631835938, -4139.917188284278, 1882.7089212627616, 3213.5177612304688, -3861.2609382842784, 1967.2714212627616, 2864.79736328125, -3861.2609382842784, 1967.2714212627616, 3234.2684936523438, -3582.6046882842784, 2051.8339212627616, 2914.63134765625, -3582.6046882842784, 2051.8339212627616, 3289.3844604492188, -3303.9484382842784, 2136.3964212627616, 3212.6934814453125, -3303.9484382842784, 2136.3964212627616, 2941.0858154296875, -3051.0109382842784, 2253.2401712627616, 3042.2268676757812, -3051.0109382842784, 2253.2401712627616, 2853.9117431640625, -2798.0734382842784, 2370.0526712627616, 2868.6407470703125, -2798.0734382842784, 2370.0526712627616, 3087.9302978515625, -2545.1359382842784, 2486.8964212627616, 2938.3096313476562, -2545.1359382842784, 2486.8964212627616, 3136.6110229492188, -2292.1984382842784, 2603.7401712627616, 2951.9546508789062, -2292.1984382842784, 2603.7401712627616, 3146.1422729492188, -2039.2609382842784, 2720.5526712627616, 3146.6177368164062, -2039.2609382842784, 2720.5526712627616, 2896.2240600585938, -1786.3234382842784, 2837.3964212627616, 3091.3311767578125, -1786.3234382842784, 2837.3964212627616, 2897.0352172851562, -1533.3859382842784, 2954.2089212627616, 2988.1484985351562, -1533.3859382842784, 2954.2089212627616, 3082.529296875, -1280.4484382842784, 3071.0526712627616, 3010.8673095703125, -1280.4484382842784, 3071.0526712627616, 3089.6798706054688, -1027.5109382842784, 3187.8651712627616, 3091.2481689453125, -1027.5109382842784, 3187.8651712627616, 2992.8549194335938, -774.5734382842784, 3304.7089212627616, 3079.7164916992188, -774.5734382842784, 3304.7089212627616, 2975.743408203125, -521.6359382842784, 3421.5214212627616, 2981.9061279296875, -521.6359382842784, 3421.5214212627616, 3077.9501342773438, -250.72968828427838, 3530.1776712627616, 2967.3455810546875, -250.72968828427838, 3530.1776712627616, 3162.9232788085938, 20.14531171572162, 3638.8339212627616, 2988.095703125, 20.14531171572162, 3638.8339212627616, 3200.916748046875, 291.0515617157216, 3747.4901712627616, 3078.4722900390625, 291.0515617157216, 3747.4901712627616, 2950.44677734375, 