{"type": "block", "layer": 95, "block": 0, "features": [{"geom": {"lines": [[-17439.8164980805, 2917.0370599586167, 2436.1105013942597, -17150.910099788336, 2985.2826658544363, 2477.0343809701053, -16862.003701496113, 3053.5282717501395, 2507.1045766621237, -16573.097303204006, 3121.773877645959, 2513.1523771025445, -16284.190904911724, 3190.0194835417205, 2505.4618530398548, -15995.284506619559, 3258.2650894375984, 2489.990493315817, -15706.378108327277, 3326.5106953333598, 2483.6825592366113, -15417.471710035054, 3394.7563012291794, 2475.337244360348, -15128.565311742888, 3463.001907124999, 2475.0930741309207, -14839.658913450665, 3531.247513020702, 2514.966479657305, -14550.752515158441, 3599.493118916522, 2539.401028730426, -14261.846116866334, 3667.738724812283, 2539.6386200951747, -13972.939718574053, 3735.984330708161, 2507.4788354465495, -13684.033320281946, 3804.2299366039224, 2474.9262764246027, -13395.126921989722, 3872.475542499684, 2474.683156708089, -13133.518766055815, 3917.9726130968193, 2444.9676177390597, -12871.910610121908, 3963.469683694071, 2420.0605144935935, -12610.302454188059, 4008.966754291265, 2456.962281878748, -12348.69429825421, 4054.4638248885167, 2533.3908707211335, -12087.086142320302, 4099.960895485652, 2599.6961930059415, -11825.477986386453, 4145.457966082846, 2640.3484644528844, -11563.869830452488, 4190.9550366800395, 2656.141665557694, -11274.963432160323, 4247.826374926546, 2678.2736009718406, -10986.057033868157, 4304.697713173111, 2718.5188900890244, -10697.150635575876, 4361.569051419501, 2766.004688165474, -10408.24423728371, 4418.440389666008, 2789.234594254688, -10119.337838991545, 4475.311727912573, 2793.8960614069542, -9830.43144069938, 4532.183066159021, 2811.7111525778528, -9541.525042407098, 4589.054404405528, 2826.887778574091, -9249.010322827147, 4650.561184697202, 2825.5858664465104, -8956.495603247138, 4712.0679649889935, 2864.087375723718, -8663.980883667246, 4773.574745280726, 2898.5246511157093, -8371.466164087353, 4835.081525572517, 2899.7075143685333, -8078.951444507344, 4896.58830586425, 2862.716659462517, -7786.436724927393, 4958.095086156041, 2853.105861005716, -7493.922005347442, 5019.6018664476, 2868.152182151046, -7201.407285767491, 5081.108646739391, 2842.6444873687333, -6908.89256618754, 5142.615427031182, 2787.2982188075075, -6616.377846607647, 5204.122207322915, 2821.441294484216, -6323.863127027755, 5265.628987614706, 2873.1004027820227, -6031.348407447687, 5327.135767906439, 2937.649642904714, -5738.833687867795, 5388.642548198171, 2939.827939500505, -5446.3189682877855, 5450.149328489904, 2928.76669469948, -5167.669299110305, 5534.714650976588, 2838.8987909535895, -4889.019629932649, 5619.27997346333, 2655.8795596739196, -4610.369960754993, 5703.84529595013, 2644.9840172522704, -4331.720291577454, 5788.410618436872, 2834.959000634365, -4053.070622399915, 5872.975940923556, 2949.5733977354294, -3774.4209532222594, 5957.541263410298, 2987.8628752661534, -3495.7712840447202, 6042.10658589704, 3020.525174125296, -3217.121614867123, 6126.671908383723, 3046.4165714034616, -2938.471945689409, 6211.2372308705235, 3033.7682935324283, -2685.5321510085487, 6328.065925274743, 2989.385549045769, -2432.5923563276883, 6444.894619678846, 3014.131433914268, -2179.6525616469444, 6561.723314083007, 3063.503768331056, -1926.7127669659094, 6678.552008487226, 3083.4860265743273, -1673.7729722849908, 6795.380702891445, 3052.0693643333125, -1420.8331776041887, 6912.209397295606, 3020.993260791169, -1167.893382923212, 7029.038091699826, 3046.384346588118, -914.9535882424098, 7145.866786103812, 3053.1820609097012, -662.013793561433, 7262.695480508148, 3054.3416377267886, -409.0739988806308, 7379.524174912309, 3042.1321596246944, -156.13420419971226, 7496.35286931647, 3042.4812782162517, 114.75510414561722, 7605.009550334362, 3054.499816977833, 385.6444124908885, 7713.66623135237, 3072.425879499682, 656.533720836218, 7822.322912370437, 3026.5584604913006, 927.4230291815475, 7930.979593388387, 3005.5564183987044, 1198.3123375269934, 8039.636274406279, 2968.6505812713312, 1469.2016458723228, 8148.292955424287, 2924.1008574775747, 1740.0909542177687, 8256.949636442354, 2925.6705705819886, 2014.0618100581923, 8359.818276526814, 2894.8154151311023, 2288.0326658987324, 8462.686916611157, 2857.8219556183794, 2562.0035217393306, 8565.555556695617, 2821.7301262379083, 2835.974377579929, 8668.424196780019, 2790.745072843795, 3109.9452334203525, 8771.292836864304, 2795.753682065101, 3383.916089261067, 8874.161476948706, 2787.5745534922917, 3657.8869451014907, 8977.030117033166, 2765.668758964382, 3931.8578009420307, 9079.89875711751, 2740.307191993148, 4205.828656782571, 9182.767397201911, 2722.150574105941, 4479.799512623169, 9285.636037286196, 2730.485671321312, 4753.770368463767, 9388.504677370598, 2702.5437061928046, 5018.591410549241, 9522.45485563489, 2678.568377266196, 5283.412452634599, 9656.405033899006, 2698.114477127102, 5548.233494720189, 9790.35521216318, 2727.1876197952447, 5813.054536805546, 9924.305390427355, 2737.065079723691, 6077.87557889102, 10058.255568691471, 2689.426945799112, 6342.696620976436, 10192.205746955588, 2664.7646351664534, 6607.517663061968, 10326.155925219762, 2650.5678825044524, 6872.3387051473255, 10460.106103483879, 2625.6875899425945, 7137.159747232916, 10594.056281747995, 2611.512464116456, 7401.9807893183315, 10728.006460012286, 2601.3389711985183, 7666.801831403689, 10861.956638276402, 2578.4089082265355, 7931.622873489105, 10995.906816540577, 2562.962455603594, 8176.848278211022, 11148.752787976759, 2544.122865449895, 8422.073682932823, 11301.598759412882, 2530.1192576986477, 8667.299087654683, 11454.44473084918, 2570.5680742941267, 8912.524492376484, 11607.290702285303, 2566.9095764201857, 9157.749897098285, 11760.136673721543, 2556.9566154036957, 9402.975301820261, 11912.982645157783, 2573.4760333716326, 9648.200706542062, 12065.828616593964, 2555.0912123395915, 9893.426111263863, 12218.674588030204, 2574.2576765421472, 10138.651515985723, 12371.520559466444, 2594.2253592718266, 10383.876920707524, 12524.366530902626, 2587.364883016312, 10629.102325429267, 12677.212502338924, 2519.6413316987255, 10846.235542488983, 12824.798176795011, 2528.5527194059214, 11063.368759548757, 12972.383851251274, 2545.429489734085, 11280.501976608415, 13119.96952570742, 2515.348553844463, 11497.635193668131, 13267.555200163682, 2455.300703559417]]}, "mtl": {"idx": 0}}], "featureCount": 1, "startIndex": 0}