{"type": "block", "layer": 98, "block": 0, "features": [{"geom": {"lines": [[-17805.3066788984, -4435.546894057537, 1930.7574969223938, -17511.454846247158, -4490.786242884526, 1933.0734592083375, -17217.6030135958, -4546.025591711397, 1934.6087990640942, -16923.75118094444, -4601.264940538327, 1935.580644778192, -16629.899348293024, -4656.504289365141, 1935.81795564245, -16336.047515641782, -4711.743638192129, 1938.5990882838107, -16042.195682990307, -4766.982987019059, 1940.5699049304262, -15748.343850338948, -4822.222335845872, 1941.2933831696237, -15454.492017687706, -4877.461684672802, 1942.9381059984607, -15160.640185036347, -4932.701033499674, 1945.587328092648, -14866.788352385047, -4987.940382326604, 1945.063865223869, -14572.936519733688, -5043.179731153534, 1946.8830578913455, -14279.08468708233, -5098.4190799804055, 1948.313896348, -13985.232854430971, -5153.658428807335, 1952.1415803223658, -13691.381021779613, -5208.897777634265, 1953.8087279131269, -13397.529189128254, -5264.137126461137, 1953.4322006463287, -13103.677356476954, -5319.376475288067, 1952.698274155716, -12809.825523825479, -5374.615824114997, 1951.9852962321875, -12515.973691174237, -5429.855172941927, 1951.6438741362206, -12231.13405572658, -5473.821185273468, 1953.0915421353307, -11946.294420278922, -5517.787197605125, 1955.68753912371, -11661.454784831323, -5561.753209936782, 1956.8857462465087, -11376.615149383724, -5605.7192222683225, 1959.3107593095376, -11091.775513936067, -5649.68523459998, 1960.8790499173037, -10806.935878488526, -5693.651246931695, 1963.9607524025332, -10522.096243040927, -5737.617259263294, 1964.8736960667375, -10237.256607593328, -5781.583271594893, 1967.9037341813678, -9952.416972145787, -5825.549283926492, 1970.9878965492453, -9667.577336698072, -5869.515296258207, 1976.1834360501337, -9382.737701250473, -5913.481308589689, 1978.8821299625477, -9097.898065802816, -5957.447320921405, 1983.8341345191493, -8813.058430355275, -6001.413333253004, 1983.75818708357, -8528.218794907676, -6045.379345584661, 1981.0394442573136, -8243.37915945996, -6089.345357916318, 1983.1967600332189, -7958.539524012362, -6133.311370247917, 1987.621800015738, -7673.699888564821, -6177.277382579516, 1986.231174883465, -7388.860253117222, -6221.243394911231, 1984.7905437698782, -7110.690675096121, -6260.136405819911, 1986.3548865396467, -6832.5210970747285, -6299.029416728707, 1987.849835158372, -6554.351519053569, -6337.922427637386, 1989.9207426394269, -6276.18194103241, -6376.815438546124, 1991.9755639630102, -5998.01236301125, -6415.70844945492, 1994.4770529530376, -5719.842784990033, -6454.601460363658, 1996.1240842098973, -5441.673206968757, -6493.4944712723955, 1993.941948624908, -5163.5036289475975, -6532.387482181133, 1993.909207854366, -4872.65154736914, -6566.207491667068, 1993.6022334698123, -4581.799465790798, -6600.0275011528865, 1996.4029569365289, -4290.947384212341, -6633.847510638705, 1998.127604543324, -4000.095302633883, -6667.66752012464, 1998.9118646881527, -3709.2432210554834, -6701.487529610458, 1999.5851611439825, -3418.391139477084, -6735.307539096277, 2000.6612883187381, -3144.932205634308, -6740.138969022897, 1999.978665415828, -2871.4732717914158, -6744.970398949285, 2003.3638804493057, -2598.014337948698, -6749.801828875905, 2003.1520736777716, -2324.555404105864, -6754.633258802467, 2005.373324401914, -2051.09647026303, -6759.464688729029, 2006.2143724058183, -1777.637536420254, -6764.296118655475, 2009.0391932211287, -1504.1786025773617, -6769.127548582037, 2006.3970302551552, -1217.7032281090505, -6715.015533404599, 2006.9545511964893, -931.2278536405065, -6660.903518227278, 2009.2767235802821, -644.7524791721953, -6606.791503049899, 2011.3257270771296, -358.27710470359307, -6552.679487872461, 2013.168614771405, -71.80173023499083, -6498.567472695082, 2011.59542344307, 214.67364423337858, -6444.455457517761, 2009.9898438675837, 501.1490187018644, -6390.343442340323, 2012.0701249384065, 787.6243931704666, -6336.231427162944, 2013.7813475145017, 1074.099767638836, -6282.119411985623, 2016.0680710005631, 1360.57514210738, -6228.007396808243, 2017.8489061366013, 1647.0505165757495, -6173.895381630806, 2014.8282647680066, 1933.5258910442353, -6119.783366453426, 2020.1674853388865, 2220.0012655127794, -6065.671351276105, 2014.6470093232033, 2506.476639981207, -6011.559336098784, 2015.759289538274, 2792.952014449809, -5957.4473209213465, 2015.4701898827805, 3079.4273889181204, -5903.335305743967, 2014.5423215138228, 3365.9027633866644, -5849.223290566646, 2013.260550201916, 3619.5528345305356, -5749.4542625832255, 2010.9853926513906, 3873.2029056745814, -5649.685234599921, 2007.6536348061484, 4126.852976818511, -5549.9162066166755, 2006.0931561787922, 4380.503047962498, -5450.147178633371, 2004.7324579431242, 4634.15311910637, -5350.3781506501255, 2003.3009050374994, 4887.803190250415, -5250.609122666938, 2001.6534102184526, 5141.453261394345, -5150.840094683517, 2001.1714358929078, 5395.103332538216, -5051.071066700271, 1999.4842231961084, 5652.135404630913, -4915.791028756823, 1997.4782662404039, 5909.167476723436, -4780.5109908133745, 1997.4148697053795, 6166.199548815843, -4645.2309528700425, 1997.0063255328814, 6423.231620908424, -4509.950914926536, 1992.790675554717, 6680.263693001121, -4374.670876983029, 1990.1444104397788, 6937.295765093702, -4239.390839039697, 1987.7762732497329, 7194.327837186225, -4104.110801096249, 1985.298484620842, 7451.359909278806, -3968.8307631528005, 1983.5078768495655, 7708.391981371387, -3833.550725209352, 1982.4830002402687, 7965.424053463852, -3698.270687265962, 1981.1754566891798, 8222.456125556375, -3562.9906493225135, 1978.7750925388664, 8479.48819764913, -3427.710611379007, 1977.0512142116208, 8736.520269741653, -3292.4305734355585, 1975.7709857127704, 8993.552341834118, -3157.1505354922847, 1975.2805229444489, 9250.584413926641, -3021.870497548778, 1971.7395407516033, 9507.616486019338, -2886.5904596052715, 1968.9632798649234, 9764.648558111861, -2751.3104216618813, 1965.818684722146, 10021.680630204268, -2616.0303837186075, 1963.359987685603, 10278.712702297023, -2480.7503457749845, 1962.3216153260362, 10535.744774389546, -2345.4703078316525, 1959.833552747814, 10792.776846481953, -2210.1902698883205, 1957.7932565592403, 11049.80891857465, -2074.9102319447557, 1955.677013305981, 11306.840990667348, -1939.6301940013072, 1953.0626973044457, 11563.87306275987, -1804.3501560578588, 1952.5917004236107, 11820.905134852335, -1669.0701181144686, 1950.5080306494183]]}, "mtl": {"idx": 0}}], "featureCount": 1, "startIndex": 0}