{"type": "block", "layer": 96, "block": 0, "features": [{"geom": {"triangles": {"v": [-17439.80200746632, 2917.035618041409, 2392.9864501953125, -17439.80200746632, 2917.035618041409, 2501.857147216797, -17150.89575746632, 2985.285618041409, 2412.1694946289062, -17150.89575746632, 2985.285618041409, 2522.1743774414062, -16861.98950746632, 3053.535618041409, 2444.404754638672, -16861.98950746632, 3053.535618041409, 2567.2537231445312, -16573.08325746632, 3121.785618041409, 2469.9932861328125, -16573.08325746632, 3121.785618041409, 2573.817138671875, -16284.177007466322, 3190.004368041409, 2575.0839233398438, -16284.177007466322, 3190.004368041409, 2464.3284606933594, -15995.270757466322, 3258.254368041409, 2519.9365234375, -15995.270757466322, 3258.254368041409, 2459.877471923828, -15706.364507466322, 3326.504368041409, 2511.514892578125, -15706.364507466322, 3326.504368041409, 2445.8168029785156, -15417.458257466322, 3394.754368041409, 2507.5576782226562, -15417.458257466322, 3394.754368041409, 2437.6026916503906, -15128.552007466322, 3463.004368041409, 2442.7101135253906, -15128.552007466322, 3463.004368041409, 2515.8413696289062, -14839.645757466322, 3531.254368041409, 2453.009033203125, -14839.645757466322, 3531.254368041409, 2624.3960571289062, -14550.739507466322, 3599.504368041409, 2461.3412475585938, -14550.739507466322, 3599.504368041409, 2625.396728515625, -14261.833257466322, 3667.723118041409, 2595.029296875, -14261.833257466322, 3667.723118041409, 2485.7974243164062, -13972.927007466322, 3735.973118041409, 2561.240234375, -13972.927007466322, 3735.973118041409, 2459.485626220703, -13684.020757466322, 3804.223118041409, 2524.3765258789062, -13684.020757466322, 3804.223118041409, 2420.9339904785156, -13395.114507466322, 3872.473118041409, 2518.241424560547, -13395.114507466322, 3872.473118041409, 2416.0101318359375, -13133.520757466322, 3917.973118041409, 2511.5065002441406, -13133.520757466322, 3917.973118041409, 2366.4895629882812, -12871.895757466322, 3963.473118041409, 2460.4409790039062, -12871.895757466322, 3963.473118041409, 2356.2718200683594, -12610.302007466322, 4008.973118041409, 2395.4141235351562, -12610.302007466322, 4008.973118041409, 2554.443817138672, -12348.708257466322, 4054.473118041409, 2406.0690307617188, -12348.708257466322, 4054.473118041409, 2617.7774047851562, -12087.083257466322, 4099.973118041409, 2487.1629333496094, -12087.083257466322, 4099.973118041409, 2652.1475219726562, -11825.489507466322, 4145.473118041409, 2587.723388671875, -11825.489507466322, 4145.473118041409, 2688.5842895507812, -11563.864507466322, 4190.941868041409, 2591.5594482421875, -11563.864507466322, 4190.941868041409, 2693.48388671875, -11274.958257466322, 4247.816868041409, 2594.3582153320312, -11274.958257466322, 4247.816868041409, 2725.872802734375, -10986.052007466322, 4304.691868041409, 2628.2577514648438, -10986.052007466322, 4304.691868041409, 2778.450927734375, -10697.145757466322, 4361.566868041409, 2685.885009765625, -10697.145757466322, 4361.566868041409, 2828.2949829101562, -10408.239507466322, 4418.441868041409, 2719.8800659179688, -10408.239507466322, 4418.441868041409, 2838.13720703125, -10119.333257466322, 4475.316868041409, 2833.2803344726562, -10119.333257466322, 4475.316868041409, 2720.5682373046875, -9830.427007466322, 4532.191868041409, 2755.4830932617188, -9830.427007466322, 4532.191868041409, 2850.2734375, -9541.520757466322, 4589.066868041409, 2764.388427734375, -9541.520757466322, 4589.066868041409, 2869.4329833984375, -9249.020757466322, 4650.566868041409, 2768.2986450195312, -9249.020757466322, 4650.566868041409, 2878.5382080078125, -8956.489507466322, 4712.066868041409, 2784.5986938476562, -8956.489507466322, 4712.066868041409, 3005.7708740234375, -8663.989507466322, 4773.566868041409, 2807.2531127929688, -8663.989507466322, 4773.566868041409, 3029.7781372070312, -8371.458257466322, 4835.066868041409, 2968.5299682617188, -8371.458257466322, 4835.066868041409, 2836.312255859375, -8078.958257466322, 4896.598118041409, 2909.5428466796875, -8078.958257466322, 4896.598118041409, 2806.5557861328125, -7786.427007466322, 4958.098118041409, 2886.9223022460938, -7786.427007466322, 4958.098118041409, 2805.4705810546875, -7493.927007466322, 5019.598118041409, 2808.7576293945312, -7493.927007466322, 5019.598118041409, 2928.8259887695312, -7201.395757466322, 5081.098118041409, 2904.5843505859375, -7201.395757466322, 5081.098118041409, 2758.3868408203125, -6908.895757466322, 5142.629368041409, 2849.3780517578125, -6908.895757466322, 5142.629368041409, 2730.7513427734375, -6616.364507466322, 5204.129368041409, 2739.7079467773438, -6616.364507466322, 5204.129368041409, 2898.8064575195312, -6323.864507466322, 5265.629368041409, 2778.1326293945312, -6323.864507466322, 5265.629368041409, 2958.1991577148438, -6031.333257466322, 5327.129368041409, 2837.8994750976562, -6031.333257466322, 5327.129368041409, 3067.6406860351562, -5738.833257466322, 5388.629368041409, 2980.5172729492188, -5738.833257466322, 5388.629368041409, 2866.1618041992188, -5446.333257466322, 5450.160618041409, 2973.5186767578125, -5446.333257466322, 5450.160618041409, 2783.2638549804688, -5167.677007466322, 5534.723118041409, 2949.1860961914062, -5167.677007466322, 5534.723118041409, 2623.7472534179688, -4889.020757466322, 5619.285618041409, 2838.7664794921875, -4889.020757466322, 5619.285618041409, 2543.7196350097656, -4610.364507466322, 5703.848118041409, 2563.5791015625, -4610.364507466322, 5703.848118041409, 2831.7138671875, -4331.708257466322, 5788.410618041409, 2624.06982421875, -4331.708257466322, 5788.410618041409, 3056.5261840820312, -4053.083257466322, 5872.973118041409, 2790.96923828125, -4053.083257466322, 5872.973118041409, 3082.254638671875, -3774.427007466322, 5957.535618041409, 2865.2572631835938, -3774.427007466322, 5957.535618041409, 3213.5177612304688, -3495.770757466322, 6042.098118041409, 2864.79736328125, -3495.770757466322, 6042.098118041409, 3234.2684936523438, -3217.114507466322, 6126.660618041409, 2914.63134765625, -3217.114507466322, 6126.660618041409, 3289.3844604492188, -2938.458257466322, 6211.223118041409, 3212.6934814453125, -2938.458257466322, 6211.223118041409, 2941.0858154296875, -2685.520757466322, 6328.066868041409, 3042.2268676757812, -2685.520757466322, 6328.066868041409, 2853.9117431640625, -2432.583257466322, 6444.879368041409, 2868.6407470703125, -2432.583257466322, 6444.879368041409, 3087.9302978515625, -2179.645757466322, 6561.723118041409, 2938.3096313476562, -2179.645757466322, 6561.723118041409, 3136.6110229492188, -1926.7082574663218, 6678.566868041409, 2951.9546508789062, -1926.7082574663218, 6678.566868041409, 3146.1422729492188, -1673.7707574663218, 6795.379368041409, 3146.6177368164062, -1673.7707574663218, 6795.379368041409, 2896.2240600585938, -1420.8332574663218, 6912.223118041409, 3091.3311767578125, -1420.8332574663218, 6912.223118041409, 2897.0352172851562, -1167.8957574663218, 7029.035618041409, 2988.1484985351562, -1167.8957574663218, 7029.035618041409, 3082.529296875, -914.9582574663218, 7145.879368041409, 3010.8673095703125, -914.9582574663218, 7145.879368041409, 3089.6798706054688, -662.0207574663218, 7262.691868041409, 3091.2481689453125, -662.0207574663218, 7262.691868041409, 2992.8549194335938, -409.0832574663218, 7379.535618041409, 3079.7164916992188, -409.0832574663218, 7379.535618041409, 2975.743408203125, -156.1457574663218, 7496.348118041409, 2981.9061279296875, -156.1457574663218, 7496.348118041409, 3077.9501342773438, 114.76049253367819, 7605.004368041409, 2967.3455810546875, 114.76049253367819, 7605.004368041409, 3162.9232788085938, 385.6354925336782, 7713.660618041409, 2988.095703125, 385.6354925336782, 7713.660618041409, 3200.916748046875, 656.5417425336782, 7822.316868041409, 3078.4722900390625, 656.5417425336782, 7822.316868041409, 2950.44677734375, 927.4167425336782, 7930.973118041409, 2913.1610107421875, 927.4167425336782, 7930.973118041409, 3125.8197021484375, 1198.3229925336782, 