{"type": "block", "layer": 99, "block": 0, "features": [{"geom": {"triangles": {"v": [-17511.44843828428, -4490.791078737238, 1915.3604125976562, -17805.29218828428, -4435.541078737238, 1912.5802612304688, -17511.44843828428, -4490.791078737238, 1952.9069519042969, -17217.60468828428, -4546.041078737238, 1916.9696044921875, -17217.60468828428, -4546.041078737238, 1953.8557434082031, -16923.76093828428, -4601.259828737238, 1918.1918334960938, -16923.76093828428, -4601.259828737238, 1979.8403930664062, -16629.88593828428, -4656.509828737238, 1941.4859008789062, -16629.88593828428, -4656.509828737238, 1931.6645812988281, -16336.042188284278, -4711.728578737238, 1922.7725219726562, -16336.042188284278, -4711.728578737238, 1960.6466674804688, -16042.198438284278, -4766.978578737238, 1924.9020385742188, -16042.198438284278, -4766.978578737238, 1969.6250915527344, -15748.354688284278, -4822.228578737238, 1925.3889465332031, -15748.354688284278, -4822.228578737238, 1971.4117431640625, -15454.479688284278, -4877.447328737238, 1928.6550903320312, -15454.479688284278, -4877.447328737238, 1969.9760437011719, -15160.635938284278, -4932.697328737238, 1930.6681823730469, -15160.635938284278, -4932.697328737238, 1984.81201171875, -14866.792188284278, -4987.947328737238, 1973.6976623535156, -14866.792188284278, -4987.947328737238, 1932.2380065917969, -14572.948438284278, -5043.166078737238, 1970.4859924316406, -14572.948438284278, -5043.166078737238, 1934.3118286132812, -14279.073438284278, -5098.416078737238, 1967.5724792480469, -14279.073438284278, -5098.416078737238, 1936.5713500976562, -13985.229688284278, -5153.666078737238, 1938.5746765136719, -13985.229688284278, -5153.666078737238, 1973.2931518554688, -13691.385938284278, -5208.884828737238, 1940.4045104980469, -13691.385938284278, -5208.884828737238, 1979.1828918457031, -13397.542188284278, -5264.134828737238, 1975.6832885742188, -13397.542188284278, -5264.134828737238, 1943.8584899902344, -13103.667188284278, -5319.384828737238, 1945.7508850097656, -13103.667188284278, -5319.384828737238, 1977.3800659179688, -12809.823438284278, -5374.603578737238, 1947.7035522460938, -12809.823438284278, -5374.603578737238, 1979.7840881347656, -12515.979688284278, -5429.853578737238, 1960.2537536621094, -12515.979688284278, -5429.853578737238, 1949.351806640625, -12231.135938284278, -5473.822328737238, 1948.748779296875, -12231.135938284278, -5473.822328737238, 1987.9913330078125, -11946.292188284278, -5517.791078737238, 1949.4561767578125, -11946.292188284278, -5517.791078737238, 1988.0830383300781, -11661.448438284278, -5561.759828737238, 1949.8951721191406, -11661.448438284278, -5561.759828737238, 1991.5231323242188, -11376.604688284278, -5605.728578737238, 1953.1253051757812, -11376.604688284278, -5605.728578737238, 1991.8486022949219, -11091.760938284278, -5649.697328737238, 1953.8563537597656, -11091.760938284278, -5649.697328737238, 1995.4896545410156, -10806.948438284278, -5693.666078737238, 1955.1663208007812, -10806.948438284278, -5693.666078737238, 1996.9029235839844, -10522.104688284278, -5737.603578737238, 1956.22802734375, -10522.104688284278, -5737.603578737238, 2003.6898803710938, -10237.260938284278, -5781.572328737238, 1957.7435302734375, -10237.260938284278, -5781.572328737238, 2004.7831726074219, -9952.417188284278, -5825.541078737238, 1961.776123046875, -9952.417188284278, -5825.541078737238, 2002.705078125, -9667.573438284278, -5869.509828737238, 1967.7085876464844, -9667.573438284278, -5869.509828737238, 2012.9095458984375, -9382.729688284278, -5913.478578737238, 1998.5650634765625, -9382.729688284278, -5913.478578737238, 1970.6446838378906, -9097.885938284278, -5957.447328737238, 1970.1580810546875, -9097.885938284278, -5957.447328737238, 2023.6531066894531, -8813.073438284278, -6001.416078737238, 2021.3223266601562, -8813.073438284278, -6001.416078737238, 1972.2781372070312, -8528.229688284278, -6045.384828737238, 2009.9440002441406, -8528.229688284278, -6045.384828737238, 1963.6079406738281, -8243.385938284278, -6089.353578737238, 2004.6049499511719, -8243.385938284278, -6089.353578737238, 1963.4700012207031, -7958.542188284278, -6133.322328737238, 1968.8426208496094, -7958.542188284278, -6133.322328737238, 2007.2212219238281, -7673.698438284278, -6177.291078737238, 2001.0733032226562, -7673.698438284278, -6177.291078737238, 1971.3381958007812, -7388.854688284278, -6221.228578737238, 1996.5846252441406, -7388.854688284278, -6221.228578737238, 1969.8829650878906, -7110.698438284278, -6260.134828737238, 1970.2555847167969, -7110.698438284278, -6260.134828737238, 2000.3840637207031, -6832.510938284278, -6299.041078737238, 1970.1626586914062, -6832.510938284278, -6299.041078737238, 2017.9466247558594, -6554.354688284278, -6337.916078737238, 2004.5027160644531, -6554.354688284278, -6337.916078737238, 1973.7701416015625, -6276.167188284278, -6376.822328737238, 1975.8518981933594, -6276.167188284278, -6376.822328737238, 2005.2491760253906, -5998.010938284278, -6415.697328737238, 2004.7087097167969, -5998.010938284278, -6415.697328737238, 1976.0530090332031, -5719.854688284278, -6454.603578737238, 1979.4609069824219, -5719.854688284278, -6454.603578737238, 2004.0583801269531, -5441.667188284278, -6493.478578737238, 1980.6059265136719, -5441.667188284278, -6493.478578737238, 2004.6080017089844, -5163.510938284278, -6532.384828737238, 1983.662109375, -5163.510938284278, -6532.384828737238, 2008.4902954101562, -4872.667188284278, -6566.197328737238, 2006.0057067871094, -4872.667188284278, -6566.197328737238, 1982.2970581054688, -4581.792188284278, -6600.041078737238, 1983.5321044921875, -4581.792188284278, -6600.041078737238, 2009.1865539550781, -4290.948438284278, -6633.853578737238, 1985.7313537597656, -4290.948438284278, -6633.853578737238, 2011.5472412109375, -4000.1046882842784, -6667.666078737238, 2009.1604614257812, -4000.1046882842784, -6667.666078737238, 1984.2341613769531, -3709.2296882842784, -6701.478578737238, 1983.4774780273438, -3709.2296882842784, -6701.478578737238, 2010.2101135253906, -3418.3859382842784, -6735.322328737238, 1985.7562255859375, -3418.3859382842784, -6735.322328737238, 2008.9369201660156, -3144.9484382842784, -6740.134828737238, 1980.0552368164062, -3144.9484382842784, -6740.134828737238, 2014.9983215332031, -2871.4796882842784, -6744.978578737238, 1991.8626403808594, -2871.4796882842784, -6744.978578737238, 2010.2224731445312, -2598.0109382842784, -6749.791078737238, 2011.2004089355469, -2598.0109382842784, -6749.791078737238, 1990.5194091796875, -2324.5421882842784, -6754.634828737238, 1996.094970703125, -2324.5421882842784, -6754.634828737238, 2016.6514587402344, -2051.1046882842784, -6759.478578737238, 1997.1966552734375, -2051.1046882842784, -6759.478578737238, 2016.1781311035156, -1777.6359382842784, -6764.291078737238, 1998.5171508789062, -1777.6359382842784, -6764.291078737238, 2019.1368103027344, -1504.1671882842784, -6769.134828737238, 2017.962646484375, -1504.1671882842784, -6769.134828737238, 1996.7161560058594, -1217.6984382842784, -6715.009828737238, 1997.3629760742188, -1217.6984382842784, -6715.009828737238, 2018.6241149902344, -931.2296882842784, -6660.916078737238, 1998.6570739746094, -931.2296882842784, -6660.916078737238, 2020.6922912597656, -644.7609382842784, -6606.791078737238, 2002.1249389648438, -644.7609382842784, -6606.791078737238, 2021.3819885253906, -358.2921882842784, -6552.666078737238, 2020.911865234375, -358.2921882842784, -6552.666078737238, 2002.4993896484375, -71.79218828427838, -6498.572328737238, 2019.8953247070312, -71.79218828427838, -6498.572328737238, 2000.1849365234375, 214.67656171572162, -6444.447328737238, 2017.7212524414062, 214.67656171572162, -6444.447328737238, 2000.1849365234375, 501.1453117157216, -6390.353578737238, 2005.2972412109375, 501.1453117157216, -6390.353578737238, 2019.1929626464844, 787.6140617157216, -6336.228578737238, 2006.7108154296875, 787.6140617157216, -6336.228578737238, 2022.1366882324219, 