{"type": "block", "layer": 97, "block": 0, "features": [{"geom": {"lines": [[-17439.816498080443, -360.7201972788898, 1930.7574969223938, -17145.9646654292, -415.95954610587796, 1933.0734592083375, -16852.112832777842, -471.1988949327497, 1934.6087990640942, -16558.261000126484, -526.4382437596796, 1935.580644778192, -16264.409167475067, -581.6775925864931, 1935.81795564245, -15970.557334823825, -636.9169414134813, 1938.5990882838107, -15676.70550217235, -692.1562902404112, 1940.5699049304262, -15382.853669520991, -747.3956390672247, 1941.2933831696237, -15089.00183686975, -802.6349878941546, 1942.9381059984607, -14795.15000421839, -857.8743367210263, 1945.587328092648, -14501.29817156709, -913.1136855479563, 1945.063865223869, -14207.446338915732, -968.3530343748862, 1946.8830578913455, -13913.594506264373, -1023.5923832017579, 1948.313896348, -13619.742673613015, -1078.8317320286878, 1952.1415803223658, -13325.890840961656, -1134.0710808556178, 1953.8087279131269, -13032.039008310298, -1189.3104296824895, 1953.4322006463287, -12738.187175658997, -1244.5497785094194, 1952.698274155716, -12444.335343007522, -1299.7891273363493, 1951.9852962321875, -12150.48351035628, -1355.0284761632793, 1951.6438741362206, -11865.643874908623, -1398.99448849482, 1953.0915421353307, -11580.804239460966, -1442.960500826477, 1955.68753912371, -11295.964604013367, -1486.9265131581342, 1956.8857462465087, -11011.124968565768, -1530.8925254896749, 1959.3107593095376, -10726.28533311811, -1574.858537821332, 1960.8790499173037, -10441.44569767057, -1618.8245501530473, 1963.9607524025332, -10156.60606222297, -1662.7905624846462, 1964.8736960667375, -9871.766426775372, -1706.7565748162451, 1967.9037341813678, -9586.92679132783, -1750.722587147844, 1970.9878965492453, -9302.087155880115, -1794.6885994795593, 1976.1834360501337, -9017.247520432516, -1838.6546118110418, 1978.8821299625477, -8732.40788498486, -1882.6206241427572, 1983.8341345191493, -8447.568249537318, -1926.586636474356, 1983.75818708357, -8162.7286140897195, -1970.5526488060132, 1981.0394442573136, -7877.888978642004, -2014.5186611376703, 1983.1967600332189, -7593.049343194405, -2058.484673469269, 1987.621800015738, -7308.209707746864, -2102.450685800868, 1986.231174883465, -7023.370072299265, -2146.4166981325834, 1984.7905437698782, -6745.200494278164, -2185.309709041263, 1986.3548865396467, -6467.030916256772, -2224.202719950059, 1987.849835158372, -6188.8613382356125, -2263.0957308587385, 1989.9207426394269, -5910.691760214453, -2301.9887417674763, 1991.9755639630102, -5632.522182193294, -2340.8817526762723, 1994.4770529530376, -5354.352604172076, -2379.77476358501, 1996.1240842098973, -5076.1830261508, -2418.667774493748, 1993.941948624908, -4798.013448129641, -2457.5607854024856, 1993.909207854366, -4507.161366551183, -2491.3807948884205, 1993.6022334698123, -4216.309284972842, -2525.200804374239, 1996.4029569365289, -3925.457203394384, -2559.0208138600574, 1998.127604543324, -3634.6051218159264, -2592.8408233459922, 1998.9118646881527, -3343.753040237527, -2626.6608328318107, 1999.5851611439825, -3052.9009586591274, -2660.480842317629, 2000.6612883187381, -2779.4420248163515, -2665.3122722442495, 1999.978665415828, -2505.983090973459, -2670.143702170637, 2003.3638804493057, -2232.5241571307415, -2674.9751320972573, 2003.1520736777716, -1959.0652232879074, -2679.8065620238194, 2005.373324401914, -1685.6062894450733, -2684.6379919503815, 2006.2143724058183, -1412.1473556022975, -2689.4694218768273, 2009.0391932211287, -1138.6884217594052, -2694.3008518033894, 2006.3970302551552, -852.213047291094, -2640.188836625952, 2006.9545511964893, -565.7376728225499, -2586.0768214486307, 2009.2767235802821, -279.26229835423874, -2531.9648062712513, 2011.3257270771296, 7.213076114363503, -2477.8527910938137, 2013.168614771405, 293.68845058296574, -2423.7407759164344, 2011.59542344307, 580.1638250513352, -2369.628760739113, 2009.9898438675837, 866.639199519821, -2315.5167455616756, 2012.0701249384065, 1153.1145739884232, -2261.4047303842963, 2013.7813475145017, 1439.5899484567926, -2207.292715206975, 2016.0680710005631, 1726.0653229253367, -2153.1807000295958, 2017.8489061366013, 2012.540697393706, -2099.068684852158, 2014.8282647680066, 2299.016071862192, -2044.9566696747788, 2020.1674853388865, 2585.491446330736, -1990.8446544974577, 2014.6470093232033, 2871.9668207991635, -1936.7326393201365, 2015.759289538274, 3158.442195267766, -1882.620624142699, 2015.4701898827805, 3444.917569736077, -1828.5086089653196, 2014.5423215138228, 3731.392944204621, -1774.3965937879984, 2013.260550201916, 3985.043015348492, -1674.627565804578, 2010.9853926513906, 4238.693086492538, -1574.8585378212738, 2007.6536348061484, 4492.343157636467, -1475.0895098380279, 2006.0931561787922, 4745.993228780455, -1375.3204818547238, 2004.7324579431242, 4999.643299924326, -1275.5514538714779, 2003.3009050374994, 5253.293371068372, -1175.7824258882902, 2001.6534102184526, 5506.943442212301, -1076.0133979048696, 2001.1714358929078, 5760.5935133561725, -976.2443699216237, 1999.4842231961084, 6017.62558544887, -840.9643319781753, 1997.4782662404039, 6274.657657541393, -705.6842940347269, 1997.4148697053795, 6531.689729633799, -570.4042560913949, 1997.0063255328814, 6788.72180172638, -435.1242181478883, 1992.790675554717, 7045.753873819078, -299.8441802043817, 1990.1444104397788, 7302.785945911659, -164.5641422610497, 1987.7762732497329, 7559.818018004182, -29.284104317601305, 1985.298484620842, 7816.850090096763, 105.9959336258471, 1983.5078768495655, 8073.882162189344, 241.2759715692955, 1982.4830002402687, 8330.914234281809, 376.5560095126857, 1981.1754566891798, 8587.946306374331, 511.8360474561341, 1978.7750925388664, 8844.978378467087, 647.1160853996407, 1977.0512142116208, 9102.01045055961, 782.3961233430891, 1975.7709857127704, 9359.042522652075, 917.6761612863629, 1975.2805229444489, 9616.074594744598, 1052.9561992298695, 1971.7395407516033, 9873.106666837295, 1188.2362371733761, 1968.9632798649234, 10130.138738929818, 1323.5162751167663, 1965.818684722146, 10387.170811022224, 1458.7963130600401, 1963.359987685603, 10644.20288311498, 1594.0763510036631, 1962.3216153260362, 10901.234955207503, 1729.3563889469951, 1959.833552747814, 11158.26702729991, 1864.6364268903271, 1957.7932565592403, 11415.299099392607, 1999.916464833892, 1955.677013305981, 11672.331171485304, 2135.1965027773404, 1953.0626973044457, 11929.363243577827, 2270.4765407207888, 1952.5917004236107, 12186.395315670292, 2405.756578664179, 1950.5080306494183]]}, "mtl": {"idx": 0}}], "featureCount": 1, "startIndex": 0}