{"type": "block", "layer": 98, "block": 0, "features": [{"geom": {"triangles": {"v": [-17145.95825746632, -415.9643819585908, 1915.3604125976562, -17439.80200746632, -360.7143819585908, 1912.5802612304688, -17145.95825746632, -415.9643819585908, 1952.9069519042969, -16852.11450746632, -471.2143819585908, 1916.9696044921875, -16852.11450746632, -471.2143819585908, 1953.8557434082031, -16558.27075746632, -526.4331319585908, 1918.1918334960938, -16558.27075746632, -526.4331319585908, 1979.8403930664062, -16264.395757466322, -581.6831319585908, 1941.4859008789062, -16264.395757466322, -581.6831319585908, 1931.6645812988281, -15970.552007466322, -636.9018819585908, 1922.7725219726562, -15970.552007466322, -636.9018819585908, 1960.6466674804688, -15676.708257466322, -692.1518819585908, 1924.9020385742188, -15676.708257466322, -692.1518819585908, 1969.6250915527344, -15382.864507466322, -747.4018819585908, 1925.3889465332031, -15382.864507466322, -747.4018819585908, 1971.4117431640625, -15088.989507466322, -802.6206319585908, 1928.6550903320312, -15088.989507466322, -802.6206319585908, 1969.9760437011719, -14795.145757466322, -857.8706319585908, 1930.6681823730469, -14795.145757466322, -857.8706319585908, 1984.81201171875, -14501.302007466322, -913.1206319585908, 1973.6976623535156, -14501.302007466322, -913.1206319585908, 1932.2380065917969, -14207.458257466322, -968.3393819585908, 1970.4859924316406, -14207.458257466322, -968.3393819585908, 1934.3118286132812, -13913.583257466322, -1023.5893819585908, 1967.5724792480469, -13913.583257466322, -1023.5893819585908, 1936.5713500976562, -13619.739507466322, -1078.8393819585908, 1938.5746765136719, -13619.739507466322, -1078.8393819585908, 1973.2931518554688, -13325.895757466322, -1134.0581319585908, 1940.4045104980469, -13325.895757466322, -1134.0581319585908, 1979.1828918457031, -13032.052007466322, -1189.3081319585908, 1975.6832885742188, -13032.052007466322, -1189.3081319585908, 1943.8584899902344, -12738.177007466322, -1244.5581319585908, 1945.7508850097656, -12738.177007466322, -1244.5581319585908, 1977.3800659179688, -12444.333257466322, -1299.7768819585908, 1947.7035522460938, -12444.333257466322, -1299.7768819585908, 1979.7840881347656, -12150.489507466322, -1355.0268819585908, 1960.2537536621094, -12150.489507466322, -1355.0268819585908, 1949.351806640625, -11865.645757466322, -1398.9956319585908, 1948.748779296875, -11865.645757466322, -1398.9956319585908, 1987.9913330078125, -11580.802007466322, -1442.9643819585908, 1949.4561767578125, -11580.802007466322, -1442.9643819585908, 1988.0830383300781, -11295.958257466322, -1486.9331319585908, 1949.8951721191406, -11295.958257466322, -1486.9331319585908, 1991.5231323242188, -11011.114507466322, -1530.9018819585908, 1953.1253051757812, -11011.114507466322, -1530.9018819585908, 1991.8486022949219, -10726.270757466322, -1574.8706319585908, 1953.8563537597656, -10726.270757466322, -1574.8706319585908, 1995.4896545410156, -10441.458257466322, -1618.8393819585908, 1955.1663208007812, -10441.458257466322, -1618.8393819585908, 1996.9029235839844, -10156.614507466322, -1662.7768819585908, 1956.22802734375, -10156.614507466322, -1662.7768819585908, 2003.6898803710938, -9871.770757466322, -1706.7456319585908, 1957.7435302734375, -9871.770757466322, -1706.7456319585908, 2004.7831726074219, -9586.927007466322, -1750.7143819585908, 1961.776123046875, -9586.927007466322, -1750.7143819585908, 2002.705078125, -9302.083257466322, -1794.6831319585908, 1967.7085876464844, -9302.083257466322, -1794.6831319585908, 2012.9095458984375, -9017.239507466322, -1838.6518819585908, 1998.5650634765625, -9017.239507466322, -1838.6518819585908, 1970.6446838378906, -8732.395757466322, -1882.6206319585908, 1970.1580810546875, -8732.395757466322, -1882.6206319585908, 2023.6531066894531, -8447.583257466322, -1926.5893819585908, 2021.3223266601562, -8447.583257466322, -1926.5893819585908, 1972.2781372070312, -8162.739507466322, -1970.5581319585908, 2009.9440002441406, -8162.739507466322, -1970.5581319585908, 1963.6079406738281, -7877.895757466322, -2014.5268819585908, 2004.6049499511719, -7877.895757466322, -2014.5268819585908, 1963.4700012207031, -7593.052007466322, -2058.495631958591, 1968.8426208496094, -7593.052007466322, -2058.495631958591, 2007.2212219238281, -7308.208257466322, -2102.464381958591, 2001.0733032226562, -7308.208257466322, -2102.464381958591, 1971.3381958007812, -7023.364507466322, -2146.401881958591, 1996.5846252441406, -7023.364507466322, -2146.401881958591, 1969.8829650878906, -6745.208257466322, -2185.308131958591, 1970.2555847167969, -6745.208257466322, -2185.308131958591, 2000.3840637207031, -6467.020757466322, -2224.214381958591, 1970.1626586914062, -6467.020757466322, -2224.214381958591, 2017.9466247558594, -6188.864507466322, -2263.089381958591, 2004.5027160644531, -6188.864507466322, -2263.089381958591, 1973.7701416015625, -5910.677007466322, -2301.995631958591, 1975.8518981933594, -5910.677007466322, -2301.995631958591, 2005.2491760253906, -5632.520757466322, -2340.870631958591, 2004.7087097167969, -5632.520757466322, -2340.870631958591, 1976.0530090332031, -5354.364507466322, -2379.776881958591, 1979.4609069824219, -5354.364507466322, -2379.776881958591, 2004.0583801269531, -5076.177007466322, -2418.651881958591, 1980.6059265136719, -5076.177007466322, -2418.651881958591, 2004.6080017089844, -4798.020757466322, -2457.558131958591, 1983.662109375, -4798.020757466322, -2457.558131958591, 2008.4902954101562, -4507.177007466322, -2491.370631958591, 2006.0057067871094, -4507.177007466322, -2491.370631958591, 1982.2970581054688, -4216.302007466322, -2525.214381958591, 1983.5321044921875, -4216.302007466322, -2525.214381958591, 2009.1865539550781, -3925.458257466322, -2559.026881958591, 1985.7313537597656, -3925.458257466322, -2559.026881958591, 2011.5472412109375, -3634.614507466322, -2592.839381958591, 2009.1604614257812, -3634.614507466322, -2592.839381958591, 1984.2341613769531, -3343.739507466322, -2626.651881958591, 1983.4774780273438, -3343.739507466322, -2626.651881958591, 2010.2101135253906, -3052.895757466322, -2660.495631958591, 1985.7562255859375, -3052.895757466322, -2660.495631958591, 2008.9369201660156, -2779.458257466322, -2665.308131958591, 1980.0552368164062, -2779.458257466322, -2665.308131958591, 2014.9983215332031, -2505.989507466322, -2670.151881958591, 1991.8626403808594, -2505.989507466322, -2670.151881958591, 2010.2224731445312, -2232.520757466322, -2674.964381958591, 2011.2004089355469, -2232.520757466322, -2674.964381958591, 1990.5194091796875, -1959.0520074663218, -2679.808131958591, 1996.094970703125, -1959.0520074663218, -2679.808131958591, 2016.6514587402344, -1685.6145074663218, -2684.651881958591, 1997.1966552734375, -1685.6145074663218, -2684.651881958591, 2016.1781311035156, -1412.1457574663218, -2689.464381958591, 1998.5171508789062, -1412.1457574663218, -2689.464381958591, 2019.1368103027344, -1138.6770074663218, -2694.308131958591, 2017.962646484375, -1138.6770074663218, -2694.308131958591, 1996.7161560058594, -852.2082574663218, -2640.183131958591, 1997.3629760742188, -852.2082574663218, -2640.183131958591, 2018.6241149902344, -565.7395074663218, -2586.089381958591, 1998.6570739746094, -565.7395074663218, -2586.089381958591, 2020.6922912597656, -279.2707574663218, -2531.964381958591, 2002.1249389648438, -279.2707574663218, -2531.964381958591, 2021.3819885253906, 7.197992533678189, -2477.839381958591, 2020.911865234375, 7.197992533678189, -2477.839381958591, 2002.4993896484375, 293.6979925336782, -2423.745631958591, 2019.8953247070312, 293.6979925336782, -2423.745631958591, 2000.1849365234375, 580.1667425336782, -2369.620631958591, 2017.7212524414062, 580.1667425336782, -2369.620631958591, 2000.1849365234375, 866.6354925336782, -2315.526881958591, 2005.2972412109375, 866.6354925336782, -2315.526881958591, 2019.1929626464844, 1153.1042425336782, -2261.401881958591, 2006.7108154296875, 1153.1042425336782, -2261.401881958591, 