{"type": "block", "layer": 100, "block": 0, "features": [{"geom": {"lines": [[-17805.306678898283, -1157.7896368202637, 1274.5745544400002, -17610.663520154252, -1111.810937904229, 1279.4003389, -17416.02036140929, -1065.8322389882524, 1283.81078084, -17221.37720266526, -1019.8535400722176, 1290.20069402, -17026.734043921286, -973.874841156241, 1297.1551905000001, -16832.090885176265, -927.8961422402645, 1310.59950828, -16637.447726432292, -881.9174433242297, 1320.09196834, -16442.80456768826, -835.9387444082531, 1333.75193712, -16248.161408943299, -789.9600454922183, 1349.5669047000001, -16053.518250199268, -743.9813465762418, 1365.8749317, -15858.875091454305, -698.0026476602652, 1380.39218522, -15664.231932710274, -652.0239487442304, 1395.43237082, -15469.588773966301, -606.0452498282539, 1407.5228333999999, -15274.94561522128, -560.0665509122191, 1418.54369, -15080.30245647725, -514.0878519962425, 1428.2457283200001, -14885.659297733277, -468.10915308026597, 1435.33366776, -14691.016138988256, -422.1304541642312, 1443.00092648, -14496.372980244283, -376.15175524825463, 1447.90365824, -14301.729821499262, -330.17305633221986, 1452.0311991400001, -14107.08666275529, -284.1943574162433, 1455.28611718, -13912.443504010269, -238.21565850026673, 1454.73301032, -13717.272581371304, -194.81297663826263, 1454.22831218, -13520.230230407265, -160.54474168724846, 1453.31451788, -13323.187879443285, -126.27650673722383, 1451.57691574, -13126.145528479305, -92.0082717872574, 1452.18238068, -12929.103177516256, -57.740036837232765, 1452.26569572, -12732.060826552275, -23.471801887266338, 1453.3427353, -12535.018475588295, 10.796433063747827, 1454.82551956, -12337.976124624256, 45.06466801377246, 1456.0714275, -12140.933773660276, 79.33290296373889, 1456.40353012, -11943.891422696295, 113.60113791475305, 1452.1131427399998, -11747.597723102255, 151.9083178867586, 1438.27730876, -11551.363630681299, 190.5370762377861, 1405.7226797199999, -11355.129538260284, 229.1658345887554, 1346.7081693399998, -11158.895445839269, 267.79459293873515, 1152.73598256, -10962.661353418254, 306.42335128976265, 183.69912502, -10766.427260997298, 345.0521096397424, 166.219521022, -10570.193168576283, 383.6808679907699, 909.2971911799999, -10373.959076155268, 422.3096263417392, 1438.2734494, -10177.724983734253, 460.9383846917772, 1447.34865238, -9981.490891313297, 499.56714304274647, 1461.6690063400001, -9785.575716543302, 539.7626723867725, 1487.31162466, -9589.855613328284, 580.9165445897379, 1509.52997452, -9394.135510112275, 622.0704167927615, 1532.45768356, -9198.415406897257, 663.2242889967747, 1558.5677185, -9002.695303681307, 704.3781611997401, 1586.05820846, -8806.975200466288, 745.5320334027638, 1612.6495435800002, -8611.25509725028, 786.6859056057874, 1631.0690346800002, -8415.53499403526, 827.8397778087528, 1628.13385754, -8219.814890819252, 868.993650012766, 1565.1390427800002, -8024.094787604292, 910.1475222157896, 1534.65661026, -7828.374684388284, 951.3013944187551, 1542.35289002, -7632.654581173265, 992.4552666217787, 1548.1997757, -7436.934477957257, 1033.6091388247442, 1624.6044311599999, -7241.214374742296, 1074.7630110287573, 1725.22413636, -7045.494271526288, 1115.916883231781, 1751.33050538, -6849.774168311269, 1157.0707554347464, 1773.1335747, -6654.054065095261, 1198.22462763777, 1700.65278244, -6458.3339618803, 1239.3784998407355, 1590.78502656, -6262.613858664292, 1280.5323720447486, 1442.5628624, -6066.893755449273, 1321.6862442477723, 1414.7036781400002, -5871.173652233265, 1362.8401164507377, 1414.02023678, -5678.476655687264, 1415.7867217537714, 1413.14375686, -5487.0958150242805, 1473.867474392755, 1411.7371583600002, -5295.714974361297, 1531.9482270317385, 1409.36124038, -5104.334133698256, 1590.0289796707802, 1404.87209786, -4912.9532930352725, 1648.1097323097638, 1398.9171486, -4721.572452372289, 1706.1904849487473, 1398.02504748, -4530.191611709306, 1764.271237587789, 1418.09688186, -4338.810771046265, 1822.3519902267726, 1474.58442688, -4147.429930383281, 1880.4327428657562, 1556.16135016, -3956.049089720298, 1938.5134955047397, 1640.50383758, -3764.6682490572566, 1996.5942481437814, 1693.83948302, -3573.2874083942734, 2054.675000782765, 1710.6874382199999, -3381.90656773129, 2112.7557534217485, 1702.59056624, -3196.342029634281, 2186.1184712127433, 1685.3516250999999, -3014.773990507296, 2269.981735921756, 1667.23631638, -2833.2059513802524, 2353.8450006307685, 1650.3851578800002, -2651.637912253267, 2437.7082653387333, 1636.47711944, -2470.069873126282, 2521.571530047746, 1626.29918416, -2288.501834000286, 2605.4347947567585, 1618.02071596, -2106.933794873301, 2689.298059465771, 1610.5730903400001, -1925.3657557462575, 2773.1613241747837, 1603.76348356, -1743.7977166192723, 2857.0245888827485, 1599.5504526, -1562.229677492287, 2940.887853591761, 1599.9825630199998, -1380.6616383653018, 3024.7511183007737, 1604.2168644399999, -1199.0935992382583, 3108.6143830097863, 1605.4947369000001, -1017.5255601122626, 3192.4776477187406, 1617.37143884, -835.9575209852774, 3276.340912427753, 1632.8631145200002, -654.3894818582921, 3360.2041771357763, 1647.0281747600002, -471.73121973127127, 3441.5388698957395, 1663.71893906, -286.1070798262954, 3515.994754043757, 1672.97417246, -100.48293992027175, 3590.450638190785, 1669.66397798, 85.14119998569367, 3664.9065223387443, 1658.92036996, 270.7653398917173, 3739.3624064867618, 1635.013639, 456.38947979774093, 3813.8182906337897, 1596.18410382, 642.0136197037064, 3888.274174781749, 1544.25346776, 827.63775960973, 3962.7300589297665, 1487.0491586, 1013.2618995156954, 4037.1859430767363, 1440.86093218, 1198.886039421719, 4111.641827224754, 1423.2695407, 1384.5962650217116, 4185.8759761937545, 1444.2096977200001, 1571.8329721387126, 4256.178291291755, 1502.90098954, 1759.0696792557137, 4326.480606389756, 1575.56422042, 1946.3063863717252, 4396.7829214877565, 1642.44550432, 2133.5430934887263, 4467.085236585757, 1684.38888158, 2320.779800604738, 4537.387551683758, 1699.7445522199998, 2508.016507721739, 4607.689866781759, 1695.7970112199998, 2695.2532148377504, 4677.992181879759, 1678.88572498, 2882.4899219546933, 4748.29449697776, 1654.8366127, 3069.7266290716943, 4818.596812075761, 1629.77730942, 3256.963336187706, 4888.899127173761, 1608.9949302599998, 3444.200043304707, 4959.201442271762, 1595.97626496, 3631.436750421708, 5029.503757369763, 1589.09693668, 3818.6734575377195, 5099.806072467763, 1585.96578086, 4005.9101646547206, 5170.108387565764, 1584.3695411600002, 4193.146871770732, 5240.410702663765, 1583.0803299, 4380.383578887733, 5310.7130177617655, 1579.02759552, 4559.221843968728, 5400.142655592761, 1573.83797994, 4737.690313274739, 5490.4144976247335, 1565.91645032, 4916.158782579703, 5580.686339657754, 1555.5599321599998, 5094.627251884725, 5670.958181689784, 1544.2899527200002, 5273.095721189748, 5761.230023721757, 1534.0499115, 5451.5641904947115, 5851.501865753788, 1526.4023720399998, 5630.032659799734, 5941.77370778576, 1523.35566824, 5808.501129104698, 6032.04554981878, 1523.6291830799998, 5986.96959840972, 6122.317391850753, 1527.71027002, 6165.438067714742, 6212.589233882783, 1532.76505754, 6343.906537020695, 6302.861075914756, 1538.6253116, 6522.375006325718, 6393.132917947776, 1543.4685173, 6700.84347563074, 6483.404759979749, 1546.99721898, 6879.311944935704, 6573.676602011779, 1548.3941230799999, 7057.780414240726, 6663.948444043752, 1548.65478124, 7236.248883545748, 6754.220286076772, 1548.5703315800001, 7414.717352850712, 6844.4921281087445, 1549.4219152, 7591.861225284694, 6937.116396938742, 1549.2404621399999, 7761.5913792587235, 7042.907109346765, 1555.4100074799999, 7931.3215332326945, 7148.697821755777, 1562.10841644, 8101.051687206724, 7254.488534163742, 1568.47125626, 8270.781841180695, 7360.279246572754, 1575.32691192, 8440.511995154724, 7466.069958980777, 1575.0663444400002, 8610.242149129743, 7571.86067138979, 1572.68541718, 8779.972303103714, 7677.651383798744, 