{"type": "block", "layer": 99, "block": 0, "features": [{"geom": {"lines": [[-17439.816498080327, 2917.037059958384, 1274.5745544400002, -17245.173339336296, 2963.0157588744187, 1279.4003389, -17050.530180591333, 3008.9944577903952, 1283.81078084, -16855.887021847302, 3054.97315670643, 1290.20069402, -16661.24386310333, 3100.9518556224066, 1297.1551905000001, -16466.60070435831, 3146.930554538383, 1310.59950828, -16271.957545614336, 3192.909253454418, 1320.09196834, -16077.314386870305, 3238.8879523703945, 1333.75193712, -15882.671228125342, 3284.8666512864293, 1349.5669047000001, -15688.028069381311, 3330.845350202406, 1365.8749317, -15493.384910636349, 3376.8240491183824, 1380.39218522, -15298.741751892318, 3422.802748034417, 1395.43237082, -15104.098593148345, 3468.7814469503937, 1407.5228333999999, -14909.455434403324, 3514.7601458664285, 1418.54369, -14714.812275659293, 3560.738844782405, 1428.2457283200001, -14520.16911691532, 3606.7175436983816, 1435.33366776, -14325.5259581703, 3652.6962426144164, 1443.00092648, -14130.882799426327, 3698.674941530393, 1447.90365824, -13936.239640681306, 3744.6536404464277, 1452.0311991400001, -13741.596481937333, 3790.6323393624043, 1455.28611718, -13546.953323192312, 3836.611038278381, 1454.73301032, -13351.782400553348, 3880.013720140385, 1454.22831218, -13154.740049589309, 3914.281955091399, 1453.31451788, -12957.697698625328, 3948.550190041424, 1451.57691574, -12760.655347661348, 3982.81842499139, 1452.18238068, -12563.612996698299, 4017.086659941415, 1452.26569572, -12366.570645734319, 4051.3548948913813, 1453.3427353, -12169.528294770338, 4085.6231298423954, 1454.82551956, -11972.4859438063, 4119.89136479242, 1456.0714275, -11775.443592842319, 4154.1595997423865, 1456.40353012, -11578.401241878339, 4188.427834693401, 1452.1131427399998, -11382.107542284299, 4226.735014665406, 1438.27730876, -11185.873449863342, 4265.363773016434, 1405.7226797199999, -10989.639357442327, 4303.992531367403, 1346.7081693399998, -10793.405265021313, 4342.621289717383, 1152.73598256, -10597.171172600298, 4381.25004806841, 183.69912502, -10400.937080179341, 4419.87880641839, 166.219521022, -10204.702987758326, 4458.5075647694175, 909.2971911799999, -10008.468895337312, 4497.136323120387, 1438.2734494, -9812.234802916297, 4535.765081470425, 1447.34865238, -9616.00071049534, 4574.393839821394, 1461.6690063400001, -9420.085535725346, 4614.58936916542, 1487.31162466, -9224.365432510327, 4655.7432413683855, 1509.52997452, -9028.645329294319, 4696.897113571409, 1532.45768356, -8832.9252260793, 4738.050985775422, 1558.5677185, -8637.20512286335, 4779.204857978388, 1586.05820846, -8441.485019648331, 4820.358730181411, 1612.6495435800002, -8245.764916432323, 4861.512602384435, 1631.0690346800002, -8050.044813217304, 4902.6664745874, 1628.13385754, -7854.324710001296, 4943.820346791414, 1565.1390427800002, -7658.604606786335, 4984.974218994437, 1534.65661026, -7462.884503570327, 5026.128091197403, 1542.35289002, -7267.164400355308, 5067.281963400426, 1548.1997757, -7071.4442971393, 5108.435835603392, 1624.6044311599999, -6875.7241939243395, 5149.589707807405, 1725.22413636, -6680.004090708331, 5190.743580010429, 1751.33050538, -6484.283987493312, 5231.897452213394, 1773.1335747, -6288.563884277304, 5273.051324416418, 1700.65278244, -6092.843781062344, 5314.205196619383, 1590.78502656, -5897.123677846335, 5355.359068823396, 1442.5628624, -5701.403574631317, 5396.51294102642, 1414.7036781400002, -5505.683471415308, 5437.666813229385, 1414.02023678, -5312.986474869307, 5490.613418532419, 1413.14375686, -5121.605634206324, 5548.694171171403, 1411.7371583600002, -4930.224793543341, 5606.774923810386, 1409.36124038, -4738.843952880299, 5664.855676449428, 1404.87209786, -4547.463112217316, 5722.936429088411, 1398.9171486, -4356.082271554333, 5781.017181727395, 1398.02504748, -4164.701430891349, 5839.097934366437, 1418.09688186, -3973.320590228308, 5897.17868700542, 1474.58442688, -3781.9397495653247, 5955.259439644404, 1556.16135016, -3590.5589089023415, 6013.340192283387, 1640.50383758, -3399.1780682393, 6071.420944922429, 1693.83948302, -3207.797227576317, 6129.501697561413, 1710.6874382199999, -3016.4163869133336, 6187.582450200396, 1702.59056624, -2830.8518488163245, 6260.945167991391, 1685.3516250999999, -2649.2838096893393, 6344.8084327004035, 1667.23631638, -2467.715770562296, 6428.671697409416, 1650.3851578800002, -2286.1477314353106, 6512.534962117381, 1636.47711944, -2104.5796923083253, 6596.3982268263935, 1626.29918416, -1923.0116531823296, 6680.261491535406, 1618.02071596, -1741.4436140553444, 6764.124756244419, 1610.5730903400001, -1559.875574928301, 6847.988020953431, 1603.76348356, -1378.3075358013157, 6931.851285661396, 1599.5504526, -1196.7394966743304, 7015.714550370409, 1599.9825630199998, -1015.1714575473452, 7099.577815079421, 1604.2168644399999, -833.6034184203018, 7183.441079788434, 1605.4947369000001, -652.035379294306, 7267.304344497388, 1617.37143884, -470.4673401673208, 7351.167609206401, 1632.8631145200002, -288.89930104033556, 7435.030873914424, 1647.0281747600002, -106.2410389133147, 7516.365566674387, 1663.71893906, 79.3831009916612, 7590.821450822405, 1672.97417246, 265.0072408976848, 7665.277334969433, 1669.66397798, 450.63138080365025, 7739.733219117392, 1658.92036996, 636.2555207096739, 7814.189103265409, 1635.013639, 821.8796606156975, 7888.644987412437, 1596.18410382, 1007.5038005216629, 7963.100871560397, 1544.25346776, 1193.1279404276866, 8037.556755708414, 1487.0491586, 1378.752080333652, 8112.012639855384, 1440.86093218, 1564.3762202396756, 8186.468524003401, 1423.2695407, 1750.0864458396682, 8260.702672972402, 1444.2096977200001, 1937.3231529566692, 8331.004988070403, 1502.90098954, 2124.5598600736703, 8401.307303168403, 1575.56422042, 2311.796567189682, 8471.609618266404, 1642.44550432, 2499.033274306683, 8541.911933364405, 1684.38888158, 2686.2699814226944, 8612.214248462406, 1699.7445522199998, 2873.5066885396955, 8682.516563560406, 1695.7970112199998, 3060.743395655707, 8752.818878658407, 1678.88572498, 3247.98010277265, 8823.121193756408, 1654.8366127, 3435.216809889651, 8893.423508854408, 1629.77730942, 3622.4535170056624, 8963.725823952409, 1608.9949302599998, 3809.6902241226635, 9034.02813905041, 1595.97626496, 3996.9269312396646, 9104.33045414841, 1589.09693668, 4184.163638355676, 9174.632769246411, 1585.96578086, 4371.400345472677, 9244.935084344412, 1584.3695411600002, 4558.637052588689, 9315.237399442412, 1583.0803299, 4745.87375970569, 9385.539714540413, 1579.02759552, 4924.712024786684, 9474.969352371409, 1573.83797994, 5103.180494092696, 9565.241194403381, 1565.91645032, 5281.64896339766, 9655.513036436401, 1555.5599321599998, 5460.117432702682, 9745.784878468432, 1544.2899527200002, 5638.585902007704, 9836.056720500404, 1534.0499115, 5817.054371312668, 9926.328562532435, 1526.4023720399998, 5995.52284061769, 10016.600404564408, 1523.35566824, 6173.991309922654, 10106.872246597428, 1523.6291830799998, 6352.459779227676, 10197.1440886294, 1527.71027002, 6530.9282485326985, 10287.415930661431, 1532.76505754, 6709.396717838652, 10377.687772693404, 1538.6253116, 6887.865187143674, 10467.959614726424, 1543.4685173, 7066.333656448696, 10558.231456758396, 1546.99721898, 7244.80212575366, 10648.503298790427, 1548.3941230799999, 7423.270595058682, 10738.7751408224, 1548.65478124, 7601.7390643637045, 10829.04698285542, 1548.5703315800001, 7780.2075336686685, 10919.318824887392, 1549.4219152, 7957.351406102651, 11011.94309371739, 1549.2404621399999, 8127.08156007668, 11117.733806125412, 1555.4100074799999, 8296.811714050651, 11223.524518534425, 1562.10841644, 8466.54186802468, 11329.31523094239, 1568.47125626, 8636.272021998651, 11435.105943351402, 1575.32691192, 8806.00217597268, 11540.896655759425, 1575.0663444400002, 8975.7323299477, 11646.687368168437, 1572.68541718, 9145.46248392167, 11752.478080577392, 1567.2970810000002, 9315.1926378957, 11858.268792985415, 1563.3259842999998, 